Tour,Year,ATP,Location,Tournament,Date,Series,Court,Surface,Round,Best of,Winner,Loser,WRank,LRank,WPts,LPts,W1,L1,W2,L2,W3,L3,W4,L4,W5,L5,Wsets,Lsets,Comment,B365W,B365L,PSW,PSL,MaxW,MaxL,AvgW,AvgL,BFEW,BFEL
ATP,2026,5,Melbourne,Australian Open,2026-01-18,Grand Slam,Outdoor,Hard,1st Round,5,Etcheverry T.,Kecmanovic M.,62.0,60.0,895.0,910.0,6,2,3,6.0,4,6,6,3,6,4,3.0,2.0,Completed,1.73,2.1,,,1.75,2.16,1.71,2.11,1.8,2.24
ATP,2026,5,Melbourne,Australian Open,2026-01-18,Grand Slam,Outdoor,Hard,1st Round,5,Fery A.,Cobolli F.,186.0,22.0,316.0,1955.0,7,6,6,4.0,6,1,,,,,3.0,0.0,Completed,3.2,1.36,,,3.2,1.43,2.89,1.4,3.4,1.4
ATP,2026,5,Melbourne,Australian Open,2026-01-18,Grand Slam,Outdoor,Hard,1st Round,5,Moutet C.,Schoolkate T.,37.0,98.0,1383.0,641.0,6,4,7,6.0,6,3,,,,,3.0,0.0,Completed,1.33,3.4,,,1.36,3.5,1.34,3.22,1.39,3.5
ATP,2026,5,Melbourne,Australian Open,2026-01-18,Grand Slam,Outdoor,Hard,1st Round,5,Zverev A.,Diallo G.,3.0,41.0,5105.0,1215.0,6,7,6,1.0,6,4,6,2,,,3.0,1.0,Completed,1.13,6.0,,,1.14,6.5,1.13,5.88,1.16,6.8
ATP,2026,5,Melbourne,Australian Open,2026-01-18,Grand Slam,Outdoor,Hard,1st Round,5,Cerundolo F.,Zhang Zh.,21.0,368.0,2035.0,130.0,6,3,7,6.0,6,3,,,,,3.0,0.0,Completed,1.4,3.0,,,1.43,3.0,1.41,2.83,1.46,3.1
ATP,2026,5,Melbourne,Australian Open,2026-01-18,Grand Slam,Outdoor,Hard,1st Round,5,Comesana F.,Kypson P.,68.0,116.0,829.0,527.0,6,2,6,3.0,3,6,6,3,,,3.0,1.0,Completed,1.57,2.38,,,1.62,2.38,1.59,2.3,1.67,2.46
ATP,2026,5,Melbourne,Australian Open,2026-01-18,Grand Slam,Outdoor,Hard,1st Round,5,Nava E.,Jacquet K.,89.0,128.0,683.0,477.0,6,2,7,5.0,6,7,4,6,7,6,3.0,2.0,Completed,1.57,2.38,,,1.64,2.4,1.58,2.32,1.61,2.58
ATP,2026,5,Melbourne,Australian Open,2026-01-18,Grand Slam,Outdoor,Hard,1st Round,5,Dzumhur D.,Draxl L.,66.0,145.0,837.0,429.0,7,5,6,0.0,6,4,,,,,3.0,0.0,Completed,1.73,2.1,,,1.8,2.1,1.74,2.05,1.82,2.18
ATP,2026,5,Melbourne,Australian Open,2026-01-18,Grand Slam,Outdoor,Hard,1st Round,5,Zheng M.,Korda S.,174.0,53.0,337.0,975.0,6,4,6,4.0,3,6,6,7,6,3,3.0,2.0,Completed,3.5,1.3,,,3.8,1.33,3.45,1.3,3.85,1.34
ATP,2026,5,Melbourne,Australian Open,2026-01-18,Grand Slam,Outdoor,Hard,1st Round,5,Faria J.,Blockx A.,151.0,96.0,413.0,653.0,6,3,3,6.0,6,3,6,4,,,3.0,1.0,Completed,2.38,1.57,,,2.65,1.62,2.4,1.55,2.6,1.61
ATP,2026,5,Melbourne,Australian Open,2026-01-18,Grand Slam,Outdoor,Hard,1st Round,5,Fucsovics M.,Ugo Carabelli C.,54.0,49.0,967.0,1028.0,7,6,6,1.0,6,2,,,,,3.0,0.0,Completed,1.2,4.5,,,1.23,4.5,1.22,4.19,1.24,4.9
ATP,2026,5,Melbourne,Australian Open,2026-01-18,Grand Slam,Outdoor,Hard,1st Round,5,Tiafoe F.,Kubler J.,34.0,194.0,1500.0,305.0,7,6,6,3.0,6,2,,,,,3.0,0.0,Completed,1.29,3.75,,,1.3,4.0,1.29,3.53,1.34,3.85
ATP,2026,5,Melbourne,Australian Open,2026-01-18,Grand Slam,Outdoor,Hard,1st Round,5,Hanfmann Y.,Svajda Z.,102.0,143.0,611.0,431.0,7,5,4,6.0,6,4,7,6,,,3.0,1.0,Completed,2.3,1.62,,,2.4,1.64,2.31,1.58,2.54,1.64
ATP,2026,5,Melbourne,Australian Open,2026-01-18,Grand Slam,Outdoor,Hard,1st Round,5,Norrie C.,Bonzi B.,27.0,106.0,1553.0,566.0,6,0,6,7.0,4,6,6,3,6,4,3.0,2.0,Completed,1.3,3.5,,,1.3,4.0,1.28,3.54,1.32,4.0
ATP,2026,5,Melbourne,Australian Open,2026-01-18,Grand Slam,Outdoor,Hard,1st Round,5,Bublik A.,Brooksby J.,10.0,48.0,3065.0,1042.0,6,4,6,4.0,6,4,,,,,3.0,0.0,Completed,1.29,3.75,,,1.29,3.9,1.27,3.73,1.35,3.85
ATP,2026,5,Melbourne,Australian Open,2026-01-18,Grand Slam,Outdoor,Hard,1st Round,5,Alcaraz C.,Walton A.,1.0,81.0,12050.0,727.0,6,3,7,6.0,6,2,,,,,3.0,0.0,Completed,1,41.0,,,1.01,41.0,1.01,24.06,1.01,55.0
ATP,2026,5,Melbourne,Australian Open,2026-01-19,Grand Slam,Outdoor,Hard,1st Round,5,Medjedovic H.,Navone M.,90.0,74.0,681.0,760.0,6,2,6,7.0,6,4,6,2,,,3.0,1.0,Completed,1.36,3.2,,,1.4,3.2,1.37,3.0,1.44,3.25
ATP,2026,5,Melbourne,Australian Open,2026-01-19,Grand Slam,Outdoor,Hard,1st Round,5,Shevchenko A.,Ymer E.,97.0,175.0,650.0,337.0,3,6,7,5.0,6,4,6,1,,,3.0,1.0,Completed,1.44,2.75,,,1.5,2.9,1.44,2.72,1.53,2.84
ATP,2026,5,Melbourne,Australian Open,2026-01-19,Grand Slam,Outdoor,Hard,1st Round,5,Borges N.,Auger-Aliassime F.,46.0,8.0,1070.0,3990.0,3,6,6,4.0,6,4,0,0,,,2.0,1.0,Retired,3.75,1.29,,,3.75,1.33,3.61,1.28,4.5,1.27
ATP,2026,5,Melbourne,Australian Open,2026-01-19,Grand Slam,Outdoor,Hard,1st Round,5,Halys Q.,Tabilo A.,83.0,79.0,725.0,737.0,6,2,6,2.0,7,6,,,,,3.0,0.0,Completed,1.8,2.0,,,1.85,2.3,1.77,2.03,1.9,2.1
ATP,2026,5,Melbourne,Australian Open,2026-01-19,Grand Slam,Outdoor,Hard,1st Round,5,Medvedev D.,De Jong J.,12.0,73.0,2910.0,763.0,7,5,6,2.0,7,6,,,,,3.0,0.0,Completed,1.04,13.0,,,1.06,13.0,1.05,9.88,1.05,17.5
ATP,2026,5,Melbourne,Australian Open,2026-01-19,Grand Slam,Outdoor,Hard,1st Round,5,Marozsan F.,Rinderknech A.,47.0,28.0,1065.0,1551.0,6,3,6,4.0,6,7,6,4,,,3.0,1.0,Completed,1.8,2.0,,,1.85,2.1,1.81,1.97,1.91,2.06
ATP,2026,5,Melbourne,Australian Open,2026-01-19,Grand Slam,Outdoor,Hard,1st Round,5,Paul T.,Kovacevic A.,20.0,56.0,2050.0,964.0,6,4,6,3.0,6,3,,,,,3.0,0.0,Completed,1.17,5.0,,,1.2,5.75,1.17,4.81,1.2,5.5
ATP,2026,5,Melbourne,Australian Open,2026-01-19,Grand Slam,Outdoor,Hard,1st Round,5,Shang J.,Bautista Agut R.,318.0,91.0,165.0,670.0,6,4,6,7.0,6,4,6,0,,,3.0,1.0,Completed,1.3,3.5,,,1.32,3.8,1.29,3.48,1.33,3.9
ATP,2026,5,Melbourne,Australian Open,2026-01-19,Grand Slam,Outdoor,Hard,1st Round,5,Opelka R.,Budkov Kjaer N.,63.0,135.0,873.0,446.0,6,4,6,3.0,6,4,,,,,3.0,0.0,Completed,1.53,2.5,,,1.6,2.6,1.55,2.41,1.64,2.52
ATP,2026,5,Melbourne,Australian Open,2026-01-19,Grand Slam,Outdoor,Hard,1st Round,5,Rublev A.,Arnaldi M.,15.0,65.0,2600.0,858.0,6,4,6,2.0,6,3,,,,,3.0,0.0,Completed,1.22,4.33,,,1.25,4.5,1.24,4.01,1.25,4.7
ATP,2026,5,Melbourne,Australian Open,2026-01-19,Grand Slam,Outdoor,Hard,1st Round,5,Thompson J.,Cerundolo J.M.,111.0,87.0,548.0,700.0,6,7,7,5.0,6,1,6,1,,,3.0,1.0,Completed,1.44,2.75,,,1.45,2.88,1.42,2.79,1.5,2.96
ATP,2026,5,Melbourne,Australian Open,2026-01-19,Grand Slam,Outdoor,Hard,1st Round,5,De Minaur A.,McDonald M.,6.0,113.0,4080.0,546.0,6,2,6,2.0,6,3,,,,,3.0,0.0,Completed,1.05,11.0,,,1.06,11.0,1.05,10.02,1.04,21.0
ATP,2026,5,Melbourne,Australian Open,2026-01-19,Grand Slam,Outdoor,Hard,1st Round,5,Tien L.,Giron M.,29.0,51.0,1540.0,985.0,7,6,4,6.0,3,6,7,6,6,2,3.0,2.0,Completed,1.5,2.63,,,1.55,2.63,1.52,2.49,1.59,2.68
ATP,2026,5,Melbourne,Australian Open,2026-01-19,Grand Slam,Outdoor,Hard,1st Round,5,Davidovich Fokina A.,Misolic F.,14.0,84.0,2635.0,725.0,6,2,6,3.0,6,3,,,,,3.0,0.0,Completed,1.06,10.0,,,1.08,10.0,1.06,8.94,1.06,14.0
ATP,2026,5,Melbourne,Australian Open,2026-01-19,Grand Slam,Outdoor,Hard,1st Round,5,Tirante T.A.,Vukic A.,103.0,78.0,605.0,746.0,7,5,6,2.0,6,2,,,,,3.0,0.0,Completed,2.75,1.44,,,2.95,1.45,2.78,1.43,3.0,1.48
ATP,2026,5,Melbourne,Australian Open,2026-01-19,Grand Slam,Outdoor,Hard,1st Round,5,Wawrinka S.,Djere L.,139.0,92.0,437.0,659.0,5,7,6,3.0,6,4,7,6,,,3.0,1.0,Completed,1.8,2.0,,,1.85,2.05,1.81,1.96,1.85,2.14
ATP,2026,5,Melbourne,Australian Open,2026-01-19,Grand Slam,Outdoor,Hard,1st Round,5,Majchrzak K.,Fearnley J.,59.0,77.0,918.0,752.0,7,6,7,5.0,3,6,7,6,,,3.0,1.0,Completed,1.44,2.75,,,1.5,2.88,1.43,2.75,1.5,2.96
ATP,2026,5,Melbourne,Australian Open,2026-01-19,Grand Slam,Outdoor,Hard,1st Round,5,Cilic M.,Altmaier D.,70.0,44.0,790.0,1123.0,6,0,6,0.0,7,6,,,,,3.0,0.0,Completed,1.5,2.63,,,1.55,2.63,1.52,2.49,1.59,2.62
ATP,2026,5,Melbourne,Australian Open,2026-01-19,Grand Slam,Outdoor,Hard,1st Round,5,Van De Zandschulp B.,Nakashima B.,75.0,30.0,759.0,1535.0,6,3,4,6.0,7,6,7,6,,,3.0,1.0,Completed,3.2,1.36,,,3.25,1.4,3.09,1.35,3.45,1.38
ATP,2026,5,Melbourne,Australian Open,2026-01-19,Grand Slam,Outdoor,Hard,1st Round,5,Maestrelli F.,Atmane T.,141.0,64.0,436.0,862.0,6,4,3,6.0,6,7,6,1,6,1,3.0,2.0,Completed,2.63,1.5,,,2.63,1.53,2.52,1.5,2.66,1.59
ATP,2026,5,Melbourne,Australian Open,2026-01-19,Grand Slam,Outdoor,Hard,1st Round,5,Munar J.,Svrcina D.,39.0,95.0,1335.0,655.0,3,6,6,2.0,6,7,7,5,6,3,3.0,2.0,Completed,1.22,4.33,,,1.25,4.33,1.23,3.98,1.26,4.7
ATP,2026,5,Melbourne,Australian Open,2026-01-19,Grand Slam,Outdoor,Hard,1st Round,5,Shapovalov D.,Bu Y.,23.0,120.0,1650.0,499.0,6,3,7,6.0,6,1,,,,,3.0,0.0,Completed,1.5,2.63,,,1.52,2.63,1.49,2.57,1.58,2.7
ATP,2026,5,Melbourne,Australian Open,2026-01-19,Grand Slam,Outdoor,Hard,1st Round,5,Hijikata R.,Mannarino A.,114.0,69.0,542.0,810.0,6,3,6,3.0,6,1,,,,,3.0,0.0,Completed,1.57,2.38,,,1.7,2.4,1.6,2.31,1.64,2.52
ATP,2026,5,Melbourne,Australian Open,2026-01-19,Grand Slam,Outdoor,Hard,1st Round,5,Gea A.,Lehecka J.,198.0,19.0,300.0,2090.0,7,5,7,6.0,7,5,,,,,3.0,0.0,Completed,3.4,1.33,,,3.4,1.35,3.26,1.32,3.7,1.36
ATP,2026,5,Melbourne,Australian Open,2026-01-19,Grand Slam,Outdoor,Hard,1st Round,5,Vacherot V.,Damm M.,31.0,177.0,1519.0,333.0,6,4,6,4.0,6,4,,,,,3.0,0.0,Completed,1.44,2.75,,,1.48,2.75,1.46,2.67,1.49,2.96
ATP,2026,5,Melbourne,Australian Open,2026-01-19,Grand Slam,Outdoor,Hard,1st Round,5,Muller A.,Popyrin A.,52.0,50.0,980.0,1000.0,2,6,6,3.0,3,6,7,6,7,6,3.0,2.0,Completed,3.2,1.36,,,3.25,1.41,3.04,1.36,3.3,1.42
ATP,2026,5,Melbourne,Australian Open,2026-01-19,Grand Slam,Outdoor,Hard,1st Round,5,Ruud C.,Bellucci M.,13.0,76.0,2795.0,758.0,6,1,6,2.0,6,4,,,,,3.0,0.0,Completed,1.17,5.0,,,1.21,5.25,1.19,4.61,1.2,5.5
ATP,2026,5,Melbourne,Australian Open,2026-01-19,Grand Slam,Outdoor,Hard,1st Round,5,Djokovic N.,Martinez P.,4.0,71.0,4780.0,768.0,6,3,6,2.0,6,2,,,,,3.0,0.0,Completed,1.02,17.0,,,1.04,17.0,1.03,12.53,1.06,15.0
ATP,2026,5,Melbourne,Australian Open,2026-01-20,Grand Slam,Outdoor,Hard,1st Round,5,Sonego L.,Taberner C.,40.0,99.0,1240.0,630.0,6,4,6,0.0,6,3,,,,,3.0,0.0,Completed,1.08,8.0,,,1.1,8.5,1.08,7.38,1.1,10.0
ATP,2026,5,Melbourne,Australian Open,2026-01-20,Grand Slam,Outdoor,Hard,1st Round,5,Darderi L.,Garin C.,25.0,82.0,1599.0,726.0,7,6,7,5.0,7,6,,,,,3.0,0.0,Completed,1.5,2.63,,,1.53,2.88,1.49,2.57,1.61,2.6
ATP,2026,5,Melbourne,Australian Open,2026-01-20,Grand Slam,Outdoor,Hard,1st Round,5,Musetti L.,Collignon R.,5.0,72.0,4105.0,767.0,4,6,7,6.0,7,5,3,2,,,2.0,1.0,Retired,1.25,4.0,,,1.26,4.2,1.24,3.93,1.26,4.7
ATP,2026,5,Melbourne,Australian Open,2026-01-20,Grand Slam,Outdoor,Hard,1st Round,5,Quinn E.,Griekspoor T.,80.0,26.0,733.0,1565.0,6,2,6,3.0,6,2,,,,,3.0,0.0,Completed,2.1,1.73,,,2.17,1.8,2.08,1.72,2.2,1.81
ATP,2026,5,Melbourne,Australian Open,2026-01-20,Grand Slam,Outdoor,Hard,1st Round,5,Baez S.,Mpetshi G.,36.0,61.0,1390.0,905.0,6,4,6,4.0,3,6,5,7,6,3,3.0,2.0,Completed,2.3,1.62,,,2.3,1.73,2.16,1.67,2.36,1.72
ATP,2026,5,Melbourne,Australian Open,2026-01-20,Grand Slam,Outdoor,Hard,1st Round,5,Khachanov K.,Michelsen A.,18.0,38.0,2320.0,1350.0,4,6,6,4.0,6,3,5,7,6,3,3.0,2.0,Completed,1.57,2.38,,,1.62,2.45,1.56,2.38,1.63,2.56
ATP,2026,5,Melbourne,Australian Open,2026-01-20,Grand Slam,Outdoor,Hard,1st Round,5,Basavareddy N.,O Connell C.,242.0,118.0,230.0,521.0,4,6,7,6.0,6,7,6,2,6,3,3.0,2.0,Completed,1.62,2.3,,,1.7,2.32,1.62,2.25,1.64,2.5
ATP,2026,5,Melbourne,Australian Open,2026-01-20,Grand Slam,Outdoor,Hard,1st Round,5,Mensik J.,Carreno Busta P.,17.0,94.0,2345.0,656.0,7,5,4,6.0,2,6,7,6,6,3,3.0,2.0,Completed,1.22,4.33,,,1.24,4.33,1.22,4.08,1.24,5.0
ATP,2026,5,Melbourne,Australian Open,2026-01-20,Grand Slam,Outdoor,Hard,1st Round,5,Shelton B.,Humbert U.,7.0,33.0,4000.0,1510.0,6,3,7,6.0,7,6,,,,,3.0,0.0,Completed,1.57,2.38,,,1.62,2.43,1.57,2.34,1.66,2.48
ATP,2026,5,Melbourne,Australian Open,2026-01-20,Grand Slam,Outdoor,Hard,1st Round,5,Spizzirri E.,Fonseca J.,85.0,32.0,725.0,1510.0,6,4,2,6.0,6,1,6,2,,,3.0,1.0,Completed,2.63,1.5,,,2.63,1.55,2.48,1.53,2.52,1.64
ATP,2026,5,Melbourne,Australian Open,2026-01-20,Grand Slam,Outdoor,Hard,1st Round,5,Wu Y.,Nardi L.,168.0,108.0,347.0,561.0,7,5,4,6.0,6,4,6,2,,,3.0,1.0,Completed,1.25,4.0,,,1.3,4.5,1.24,3.97,1.28,4.3
ATP,2026,5,Melbourne,Australian Open,2026-01-20,Grand Slam,Outdoor,Hard,1st Round,5,Sweeny D.,Monfils G.,182.0,110.0,325.0,550.0,6,7,7,5.0,6,4,7,5,,,3.0,1.0,Completed,2.38,1.57,,,2.5,1.57,2.41,1.54,2.62,1.6
ATP,2026,5,Melbourne,Australian Open,2026-01-20,Grand Slam,Outdoor,Hard,1st Round,5,Jodar R.,Sakamoto R.,150.0,203.0,418.0,292.0,7,6,6,1.0,5,7,4,6,6,3,3.0,2.0,Completed,1.33,3.4,,,1.42,3.4,1.37,3.04,1.44,3.2
ATP,2026,5,Melbourne,Australian Open,2026-01-20,Grand Slam,Outdoor,Hard,1st Round,5,Hurkacz H.,Bergs Z.,55.0,43.0,965.0,1170.0,6,7,7,6.0,6,3,6,3,,,3.0,1.0,Completed,1.36,3.2,,,1.4,3.25,1.37,3.02,1.41,3.35
ATP,2026,5,Melbourne,Australian Open,2026-01-20,Grand Slam,Outdoor,Hard,1st Round,5,Duckworth J.,Prizmic D.,88.0,127.0,694.0,481.0,7,6,3,6.0,1,6,7,5,6,3,3.0,2.0,Completed,2.1,1.73,,,2.13,1.75,2.07,1.73,2.16,1.84
ATP,2026,5,Melbourne,Australian Open,2026-01-20,Grand Slam,Outdoor,Hard,1st Round,5,Fritz T.,Royer V.,9.0,58.0,3840.0,924.0,7,6,5,7.0,6,1,6,3,,,3.0,1.0,Completed,1.11,6.5,,,1.14,7.0,1.12,6.24,1.15,7.2
ATP,2026,5,Melbourne,Australian Open,2026-01-20,Grand Slam,Outdoor,Hard,1st Round,5,Kopriva V.,Struff J.L.,101.0,86.0,626.0,706.0,4,6,6,2.0,2,6,6,3,6,1,3.0,2.0,Completed,3,1.4,,,3.0,1.44,2.83,1.41,2.98,1.48
ATP,2026,5,Melbourne,Australian Open,2026-01-20,Grand Slam,Outdoor,Hard,1st Round,5,Sinner J.,Gaston H.,2.0,93.0,11500.0,656.0,6,2,6,1.0,,,,,,,2.0,0.0,Retired,1,51.0,,,1.01,51.0,1.01,26.85,1.01,90.0
ATP,2026,5,Melbourne,Australian Open,2026-01-20,Grand Slam,Outdoor,Hard,1st Round,5,Machac T.,Dimitrov G.,24.0,45.0,1610.0,1105.0,6,4,6,4.0,6,3,,,,,3.0,0.0,Completed,1.73,2.1,,,1.73,2.2,1.68,2.14,1.76,2.26
ATP,2026,5,Melbourne,Australian Open,2026-01-20,Grand Slam,Outdoor,Hard,1st Round,5,Tsitsipas S.,Mochizuki S.,35.0,112.0,1455.0,547.0,4,6,6,3.0,6,2,6,2,,,3.0,1.0,Completed,1.11,6.5,,,1.15,7.0,1.12,5.96,1.14,7.6
ATP,2026,5,Melbourne,Australian Open,2026-01-21,Grand Slam,Outdoor,Hard,2nd Round,5,Marozsan F.,Majchrzak K.,47.0,59.0,1065.0,918.0,6,3,6,4.0,7,6,,,,,3.0,0.0,Completed,1.57,2.38,,,1.65,2.38,1.59,2.33,1.67,2.46
ATP,2026,5,Melbourne,Australian Open,2026-01-21,Grand Slam,Outdoor,Hard,2nd Round,5,Cerundolo F.,Dzumhur D.,21.0,66.0,2035.0,837.0,6,3,6,2.0,6,1,,,,,3.0,0.0,Completed,1.2,4.5,,,1.22,4.75,1.2,4.41,1.22,5.1
ATP,2026,5,Melbourne,Australian Open,2026-01-21,Grand Slam,Outdoor,Hard,2nd Round,5,Paul T.,Tirante T.A.,20.0,103.0,2050.0,605.0,6,3,6,4.0,6,2,,,,,3.0,0.0,Completed,1.07,9.0,,,1.1,9.0,1.08,7.83,1.1,10.0
ATP,2026,5,Melbourne,Australian Open,2026-01-21,Grand Slam,Outdoor,Hard,2nd Round,5,Rublev A.,Faria J.,15.0,151.0,2600.0,413.0,6,4,6,3.0,4,6,7,5,,,3.0,1.0,Completed,1.1,7.0,,,1.12,7.5,1.1,6.54,1.13,8.0
ATP,2026,5,Melbourne,Australian Open,2026-01-21,Grand Slam,Outdoor,Hard,2nd Round,5,Medvedev D.,Halys Q.,12.0,83.0,2910.0,725.0,6,7,6,3.0,6,4,6,2,,,3.0,1.0,Completed,1.1,7.0,,,1.12,7.5,1.1,6.55,1.14,7.8
ATP,2026,5,Melbourne,Australian Open,2026-01-21,Grand Slam,Outdoor,Hard,2nd Round,5,Etcheverry T.,Fery A.,62.0,186.0,895.0,316.0,7,6,6,1.0,6,3,,,,,3.0,0.0,Completed,1.62,2.3,,,1.63,2.35,1.6,2.29,1.7,2.42
ATP,2026,5,Melbourne,Australian Open,2026-01-21,Grand Slam,Outdoor,Hard,2nd Round,5,Davidovich Fokina A.,Opelka R.,14.0,63.0,2635.0,873.0,6,3,7,6.0,5,7,4,6,6,4,3.0,2.0,Completed,1.4,3.0,,,1.44,3.0,1.4,2.89,1.43,3.25
ATP,2026,5,Melbourne,Australian Open,2026-01-21,Grand Slam,Outdoor,Hard,2nd Round,5,Alcaraz C.,Hanfmann Y.,1.0,102.0,12050.0,611.0,7,6,6,3.0,6,2,,,,,3.0,0.0,Completed,1.01,26.0,,,1.02,29.0,1.01,19.31,1.01,55.0
ATP,2026,5,Melbourne,Australian Open,2026-01-21,Grand Slam,Outdoor,Hard,2nd Round,5,Borges N.,Thompson J.,46.0,111.0,1070.0,548.0,6,7,6,3.0,6,2,6,4,,,3.0,1.0,Completed,1.53,2.5,,,1.67,2.53,1.55,2.43,1.53,2.84
ATP,2026,5,Melbourne,Australian Open,2026-01-21,Grand Slam,Outdoor,Hard,2nd Round,5,Moutet C.,Zheng M.,37.0,174.0,1383.0,337.0,3,6,6,1.0,6,3,2,0,,,2.0,1.0,Retired,1.62,2.3,,,1.67,2.35,1.64,2.24,1.74,2.32
ATP,2026,5,Melbourne,Australian Open,2026-01-21,Grand Slam,Outdoor,Hard,2nd Round,5,Tien L.,Shevchenko A.,29.0,97.0,1540.0,650.0,6,2,5,7.0,6,1,6,0,,,3.0,1.0,Completed,1.17,5.0,,,1.21,5.25,1.18,4.71,1.21,5.4
ATP,2026,5,Melbourne,Australian Open,2026-01-21,Grand Slam,Outdoor,Hard,2nd Round,5,Norrie C.,Nava E.,27.0,89.0,1553.0,683.0,6,1,7,6.0,4,6,7,6,,,3.0,1.0,Completed,1.44,2.75,,,1.44,2.9,1.42,2.83,1.51,2.96
ATP,2026,5,Melbourne,Australian Open,2026-01-21,Grand Slam,Outdoor,Hard,2nd Round,5,Bublik A.,Fucsovics M.,10.0,54.0,3065.0,967.0,7,5,6,4.0,7,5,,,,,3.0,0.0,Completed,1.2,4.5,,,1.2,5.0,1.2,4.48,1.21,5.7
ATP,2026,5,Melbourne,Australian Open,2026-01-21,Grand Slam,Outdoor,Hard,2nd Round,5,Zverev A.,Muller A.,3.0,52.0,5105.0,980.0,6,3,4,6.0,6,3,6,4,,,3.0,1.0,Completed,1.05,11.0,,,1.06,11.0,1.05,9.98,1.05,17.0
ATP,2026,5,Melbourne,Australian Open,2026-01-21,Grand Slam,Outdoor,Hard,2nd Round,5,De Minaur A.,Medjedovic H.,6.0,90.0,4080.0,681.0,6,7,6,2.0,6,2,6,1,,,3.0,1.0,Completed,1.13,6.0,,,1.15,6.0,1.14,5.5,1.16,6.8
ATP,2026,5,Melbourne,Australian Open,2026-01-21,Grand Slam,Outdoor,Hard,2nd Round,5,Tiafoe F.,Comesana F.,34.0,68.0,1500.0,829.0,6,4,6,3.0,4,6,6,2,,,3.0,1.0,Completed,1.4,3.0,,,1.44,3.0,1.4,2.91,1.45,3.15
ATP,2026,5,Melbourne,Australian Open,2026-01-22,Grand Slam,Outdoor,Hard,2nd Round,5,Vacherot V.,Hijikata R.,31.0,114.0,1519.0,542.0,6,1,6,3.0,4,6,6,2,,,3.0,1.0,Completed,1.5,2.63,,,1.54,2.63,1.51,2.53,1.54,2.82
ATP,2026,5,Melbourne,Australian Open,2026-01-22,Grand Slam,Outdoor,Hard,2nd Round,5,Mensik J.,Jodar R.,17.0,150.0,2345.0,418.0,6,2,6,4.0,6,4,,,,,3.0,0.0,Completed,1.44,2.75,,,1.55,2.75,1.52,2.5,1.63,2.58
ATP,2026,5,Melbourne,Australian Open,2026-01-22,Grand Slam,Outdoor,Hard,2nd Round,5,Darderi L.,Baez S.,25.0,36.0,1599.0,1390.0,6,3,1,6.0,6,4,6,3,,,3.0,1.0,Completed,2.5,1.53,,,2.5,1.6,2.38,1.56,2.44,1.68
ATP,2026,5,Melbourne,Australian Open,2026-01-22,Grand Slam,Outdoor,Hard,2nd Round,5,Khachanov K.,Basavareddy N.,18.0,242.0,2320.0,230.0,6,1,6,4.0,6,3,,,,,3.0,0.0,Completed,1.29,3.75,,,1.34,3.8,1.3,3.46,1.33,3.85
ATP,2026,5,Melbourne,Australian Open,2026-01-22,Grand Slam,Outdoor,Hard,2nd Round,5,Musetti L.,Sonego L.,5.0,40.0,4105.0,1240.0,6,3,6,3.0,6,4,,,,,3.0,0.0,Completed,1.36,3.2,,,1.4,3.25,1.36,3.09,1.38,3.6
ATP,2026,5,Melbourne,Australian Open,2026-01-22,Grand Slam,Outdoor,Hard,2nd Round,5,Shelton B.,Sweeny D.,7.0,182.0,4000.0,325.0,6,3,6,2.0,6,2,,,,,3.0,0.0,Completed,1.06,10.0,,,1.09,10.0,1.07,8.06,1.08,12.0
ATP,2026,5,Melbourne,Australian Open,2026-01-22,Grand Slam,Outdoor,Hard,2nd Round,5,Quinn E.,Hurkacz H.,80.0,55.0,733.0,965.0,6,4,7,6.0,6,1,,,,,3.0,0.0,Completed,4,1.25,,,4.0,1.26,3.9,1.24,4.2,1.29
ATP,2026,5,Melbourne,Australian Open,2026-01-22,Grand Slam,Outdoor,Hard,2nd Round,5,Djokovic N.,Maestrelli F.,4.0,141.0,4780.0,436.0,6,3,6,2.0,6,2,,,,,3.0,0.0,Completed,1.01,29.0,,,1.02,29.0,1.01,17.12,1.03,32.0
ATP,2026,5,Melbourne,Australian Open,2026-01-22,Grand Slam,Outdoor,Hard,2nd Round,5,Van De Zandschulp B.,Shang J.,75.0,318.0,759.0,165.0,7,6,6,2.0,6,3,,,,,3.0,0.0,Completed,2.3,1.62,,,2.3,1.7,2.22,1.64,2.3,1.73
ATP,2026,5,Melbourne,Australian Open,2026-01-22,Grand Slam,Outdoor,Hard,2nd Round,5,Spizzirri E.,Wu Y.,85.0,168.0,725.0,347.0,6,2,6,4.0,6,7,4,6,6,3,3.0,2.0,Completed,1.67,2.2,,,1.7,2.21,1.67,2.17,1.72,2.34
ATP,2026,5,Melbourne,Australian Open,2026-01-22,Grand Slam,Outdoor,Hard,2nd Round,5,Wawrinka S.,Gea A.,139.0,198.0,437.0,300.0,4,6,6,3.0,3,6,7,5,7,6,3.0,2.0,Completed,2.5,1.53,,,2.5,1.58,2.4,1.55,2.56,1.63
ATP,2026,5,Melbourne,Australian Open,2026-01-22,Grand Slam,Outdoor,Hard,2nd Round,5,Machac T.,Tsitsipas S.,24.0,35.0,1610.0,1455.0,6,4,3,6.0,7,6,7,6,,,3.0,1.0,Completed,1.67,2.2,,,1.7,2.45,1.59,2.32,1.65,2.52
ATP,2026,5,Melbourne,Australian Open,2026-01-22,Grand Slam,Outdoor,Hard,2nd Round,5,Cilic M.,Shapovalov D.,70.0,23.0,790.0,1650.0,6,4,6,3.0,6,2,,,,,3.0,0.0,Completed,2.2,1.67,,,2.3,1.7,2.21,1.65,2.4,1.7
ATP,2026,5,Melbourne,Australian Open,2026-01-22,Grand Slam,Outdoor,Hard,2nd Round,5,Fritz T.,Kopriva V.,9.0,101.0,3840.0,626.0,6,1,6,4.0,7,6,,,,,3.0,0.0,Completed,1.08,8.0,,,1.09,8.5,1.08,7.73,1.1,10.0
ATP,2026,5,Melbourne,Australian Open,2026-01-22,Grand Slam,Outdoor,Hard,2nd Round,5,Sinner J.,Duckworth J.,2.0,88.0,11500.0,694.0,6,1,6,4.0,6,2,,,,,3.0,0.0,Completed,1,51.0,,,1.01,51.0,1.01,22.15,1.01,90.0
ATP,2026,5,Melbourne,Australian Open,2026-01-22,Grand Slam,Outdoor,Hard,2nd Round,5,Ruud C.,Munar J.,13.0,39.0,2795.0,1335.0,6,3,7,5.0,6,4,,,,,3.0,0.0,Completed,1.4,3.0,,,1.42,3.1,1.39,2.92,1.44,3.25
ATP,2026,5,Melbourne,Australian Open,2026-01-23,Grand Slam,Outdoor,Hard,3rd Round,5,Tien L.,Borges N.,29.0,46.0,1540.0,1070.0,7,6,6,4.0,6,2,,,,,3.0,0.0,Completed,1.4,3.0,,,1.44,3.0,1.42,2.82,1.46,3.1
ATP,2026,5,Melbourne,Australian Open,2026-01-23,Grand Slam,Outdoor,Hard,3rd Round,5,Medvedev D.,Marozsan F.,12.0,47.0,2910.0,1065.0,6,7,4,6.0,7,5,6,0,6,3,3.0,2.0,Completed,1.17,5.0,,,1.19,5.0,1.18,4.67,1.22,5.4
ATP,2026,5,Melbourne,Australian Open,2026-01-23,Grand Slam,Outdoor,Hard,3rd Round,5,Paul T.,Davidovich Fokina A.,20.0,14.0,2050.0,2635.0,6,1,6,1.0,,,,,,,2.0,0.0,Retired,1.44,2.75,,,1.5,2.8,1.47,2.65,1.54,2.8
ATP,2026,5,Melbourne,Australian Open,2026-01-23,Grand Slam,Outdoor,Hard,3rd Round,5,Alcaraz C.,Moutet C.,1.0,37.0,12050.0,1383.0,6,2,6,4.0,6,1,,,,,3.0,0.0,Completed,1.01,21.0,,,1.02,23.0,1.01,17.54,1.03,32.0
ATP,2026,5,Melbourne,Australian Open,2026-01-23,Grand Slam,Outdoor,Hard,3rd Round,5,Cerundolo F.,Rublev A.,21.0,15.0,2035.0,2600.0,6,3,7,6.0,6,3,,,,,3.0,0.0,Completed,2.1,1.73,,,2.2,1.75,2.1,1.72,2.26,1.78
ATP,2026,5,Melbourne,Australian Open,2026-01-23,Grand Slam,Outdoor,Hard,3rd Round,5,De Minaur A.,Tiafoe F.,6.0,34.0,4080.0,1500.0,6,3,6,4.0,7,5,,,,,3.0,0.0,Completed,1.17,5.0,,,1.18,5.1,1.17,4.8,1.19,6.0
ATP,2026,5,Melbourne,Australian Open,2026-01-23,Grand Slam,Outdoor,Hard,3rd Round,5,Zverev A.,Norrie C.,3.0,27.0,5105.0,1553.0,7,5,4,6.0,6,3,6,1,,,3.0,1.0,Completed,1.2,4.5,,,1.22,5.25,1.21,4.35,1.23,5.1
ATP,2026,5,Melbourne,Australian Open,2026-01-23,Grand Slam,Outdoor,Hard,3rd Round,5,Bublik A.,Etcheverry T.,10.0,62.0,3065.0,895.0,7,6,7,6.0,6,4,,,,,3.0,0.0,Completed,1.2,4.5,,,1.25,4.5,1.22,4.12,1.25,4.9
ATP,2026,5,Melbourne,Australian Open,2026-01-23,Grand Slam,Outdoor,Hard,3rd Round,5,Musetti L.,Machac T.,5.0,24.0,4105.0,1610.0,5,7,6,4.0,6,2,5,7,6,2,3.0,2.0,Completed,1.5,2.63,,,1.54,2.63,1.5,2.52,1.56,2.74
ATP,2026,5,Melbourne,Australian Open,2026-01-23,Grand Slam,Outdoor,Hard,3rd Round,5,Darderi L.,Khachanov K.,25.0,18.0,1599.0,2320.0,7,6,3,6.0,6,3,6,4,,,3.0,1.0,Completed,4.5,1.2,,,4.5,1.23,4.26,1.21,4.8,1.25
ATP,2026,5,Melbourne,Australian Open,2026-01-24,Grand Slam,Outdoor,Hard,3rd Round,5,Sinner J.,Spizzirri E.,2.0,85.0,11500.0,725.0,4,6,6,3.0,6,4,6,4,,,3.0,1.0,Completed,-,41.0,,,1.01,67.0,1.01,33.15,1.01,70.0
ATP,2026,5,Melbourne,Australian Open,2026-01-24,Grand Slam,Outdoor,Hard,3rd Round,5,Shelton B.,Vacherot V.,7.0,31.0,4000.0,1519.0,6,4,6,4.0,7,6,,,,,3.0,0.0,Completed,1.22,4.33,,,1.29,4.33,1.23,4.04,1.26,4.7
ATP,2026,5,Melbourne,Australian Open,2026-01-24,Grand Slam,Outdoor,Hard,3rd Round,5,Fritz T.,Wawrinka S.,9.0,139.0,3840.0,437.0,7,6,2,6.0,6,4,6,4,,,3.0,1.0,Completed,1.08,8.0,,,1.09,8.5,1.08,7.48,1.1,10.0
ATP,2026,5,Melbourne,Australian Open,2026-01-24,Grand Slam,Outdoor,Hard,3rd Round,5,Djokovic N.,Van De Zandschulp B.,4.0,75.0,4780.0,759.0,6,3,6,4.0,7,6,,,,,3.0,0.0,Completed,1.06,10.0,,,1.08,10.0,1.07,8.23,1.08,12.0
ATP,2026,5,Melbourne,Australian Open,2026-01-24,Grand Slam,Outdoor,Hard,3rd Round,5,Mensik J.,Quinn E.,17.0,80.0,2345.0,733.0,6,2,7,6.0,7,6,,,,,3.0,0.0,Completed,1.44,2.75,,,1.48,2.75,1.45,2.69,1.53,2.88
ATP,2026,5,Melbourne,Australian Open,2026-01-24,Grand Slam,Outdoor,Hard,3rd Round,5,Ruud C.,Cilic M.,13.0,70.0,2795.0,790.0,6,4,6,4.0,3,6,7,5,,,3.0,1.0,Completed,1.33,3.4,,,1.4,3.4,1.35,3.14,1.38,3.55
ATP,2026,5,Melbourne,Australian Open,2026-01-25,Grand Slam,Outdoor,Hard,4th Round,5,Alcaraz C.,Paul T.,1.0,20.0,12050.0,2050.0,7,6,6,4.0,7,5,,,,,3.0,0.0,Completed,1.08,8.0,,,1.12,8.0,1.09,6.94,1.11,9.2
ATP,2026,5,Melbourne,Australian Open,2026-01-25,Grand Slam,Outdoor,Hard,4th Round,5,Zverev A.,Cerundolo F.,3.0,21.0,5105.0,2035.0,6,2,6,4.0,6,4,,,,,3.0,0.0,Completed,1.36,3.2,,,1.4,3.25,1.35,3.12,1.38,3.55
ATP,2026,5,Melbourne,Australian Open,2026-01-25,Grand Slam,Outdoor,Hard,4th Round,5,Tien L.,Medvedev D.,29.0,12.0,1540.0,2910.0,6,4,6,0.0,6,3,,,,,3.0,0.0,Completed,2.75,1.44,,,3.0,1.48,2.75,1.43,3.05,1.47
ATP,2026,5,Melbourne,Australian Open,2026-01-25,Grand Slam,Outdoor,Hard,4th Round,5,De Minaur A.,Bublik A.,6.0,10.0,4080.0,3065.0,6,4,6,1.0,6,1,,,,,3.0,0.0,Completed,1.53,2.5,,,1.6,2.55,1.55,2.41,1.59,2.66
ATP,2026,5,Melbourne,Australian Open,2026-01-26,Grand Slam,Outdoor,Hard,4th Round,5,Musetti L.,Fritz T.,5.0,9.0,4105.0,3840.0,6,2,7,5.0,6,4,,,,,3.0,0.0,Completed,2.1,1.73,,,2.15,1.75,2.1,1.72,2.2,1.82
ATP,2026,5,Melbourne,Australian Open,2026-01-26,Grand Slam,Outdoor,Hard,4th Round,5,Sinner J.,Darderi L.,2.0,25.0,11500.0,1599.0,6,1,6,3.0,7,6,,,,,3.0,0.0,Completed,1.01,26.0,,,1.02,26.0,1.02,16.08,1.03,29.0
ATP,2026,5,Melbourne,Australian Open,2026-01-26,Grand Slam,Outdoor,Hard,4th Round,5,Djokovic N.,Mensik J.,4.0,17.0,4780.0,2345.0,,,,,,,,,,,,,Walkover,1.25,4.0,,,1.29,4.0,1.26,3.72,1.29,4.2
ATP,2026,5,Melbourne,Australian Open,2026-01-26,Grand Slam,Outdoor,Hard,4th Round,5,Shelton B.,Ruud C.,7.0,13.0,4000.0,2795.0,3,6,6,4.0,6,3,6,4,,,3.0,1.0,Completed,1.53,2.5,,,1.55,2.6,1.53,2.47,1.58,2.7
ATP,2026,5,Melbourne,Australian Open,2026-01-27,Grand Slam,Outdoor,Hard,Quarterfinals,5,Zverev A.,Tien L.,3.0,29.0,5105.0,1540.0,6,3,6,7.0,6,1,7,6,,,3.0,1.0,Completed,1.44,2.75,,,1.5,2.9,1.44,2.75,1.47,3.1
ATP,2026,5,Melbourne,Australian Open,2026-01-27,Grand Slam,Outdoor,Hard,Quarterfinals,5,Alcaraz C.,De Minaur A.,1.0,6.0,12050.0,4080.0,7,5,6,2.0,6,1,,,,,3.0,0.0,Completed,1.14,5.5,,,1.16,6.0,1.14,5.39,1.17,6.6
ATP,2026,5,Melbourne,Australian Open,2026-01-28,Grand Slam,Outdoor,Hard,Quarterfinals,5,Djokovic N.,Musetti L.,4.0,5.0,4780.0,4105.0,4,6,3,6.0,3,1,,,,,0.0,2.0,Retired,1.3,3.5,,,1.35,4.0,1.31,3.38,1.38,3.55
ATP,2026,5,Melbourne,Australian Open,2026-01-28,Grand Slam,Outdoor,Hard,Quarterfinals,5,Sinner J.,Shelton B.,2.0,7.0,11500.0,4000.0,6,3,6,4.0,6,4,,,,,3.0,0.0,Completed,1.08,8.0,,,1.1,8.5,1.08,7.42,1.11,9.4
ATP,2026,5,Melbourne,Australian Open,2026-01-30,Grand Slam,Outdoor,Hard,Semifinals,5,Alcaraz C.,Zverev A.,1.0,3.0,12050.0,5105.0,6,4,7,6.0,6,7,6,7,7,5,3.0,2.0,Completed,1.14,5.5,,,1.19,5.5,1.16,5.19,1.2,5.9
ATP,2026,5,Melbourne,Australian Open,2026-01-30,Grand Slam,Outdoor,Hard,Semifinals,5,Djokovic N.,Sinner J.,4.0,2.0,4780.0,11500.0,3,6,6,3.0,4,6,6,4,6,4,3.0,2.0,Completed,10,1.06,,,10.0,1.08,8.63,1.07,10.0,1.1
ATP,2026,5,Melbourne,Australian Open,2026-02-01,Grand Slam,Outdoor,Hard,The Final,5,Alcaraz C.,Djokovic N.,1.0,4.0,12050.0,4780.0,2,6,6,2.0,6,3,7,5,,,3.0,1.0,Completed,1.3,3.5,,,1.33,3.8,1.31,3.44,1.36,3.7
ATP,2026,28,Paris,French Open,2026-05-24,Grand Slam,Outdoor,Clay,1st Round,5,Duckworth J.,Diallo G.,82.0,49.0,722.0,975.0,6,3,4,1.0,	,,,,,,1.0,0.0,Retired,2.5,1.53,,,2.53,1.57,2.42,1.55,2.58,1.62
ATP,2026,28,Paris,French Open,2026-05-24,Grand Slam,Outdoor,Clay,1st Round,5,Tirante T.A.,Llamas Ruiz P.,60.0,122.0,887.0,515.0,6,3,7,6.0,6,7,6,0,,	,3.0,1.0,Completed,1.8,2.0,,,1.85,2.01,1.81,1.97,1.91,2.08
ATP,2026,28,Paris,French Open,2026-05-24,Grand Slam,Outdoor,Clay,1st Round,5,Kecmanovic M.,Marozsan F.,48.0,54.0,980.0,935.0,7,6,6,3.0,6,4,	,,,,3.0,0.0,Completed,1.62,2.3,,,1.67,2.38,1.62,2.25,1.66,2.48
ATP,2026,28,Paris,French Open,2026-05-24,Grand Slam,Outdoor,Clay,1st Round,5,Khachanov K.,Gea A.,15.0,135.0,2320.0,460.0,6,3,7,6.0,6,0,	,,,,3.0,0.0,Completed,1.17,5.0,,,1.2,5.25,1.18,4.75,1.22,5.3
ATP,2026,28,Paris,French Open,2026-05-24,Grand Slam,Outdoor,Clay,1st Round,5,Davidovich Fokina A.,Dzumhur D.,23.0,87.0,1860.0,694.0,6,7,6,3.0,2,6,7,5,6,3,3.0,2.0,Completed,1.11,6.5,,,1.14,6.5,1.12,5.83,1.15,7.2
ATP,2026,28,Paris,French Open,2026-05-24,Grand Slam,Outdoor,Clay,1st Round,5,Trungelliti M.,Jacquet K.,81.0,147.0,731.0,411.0,6,4,6,2.0,6,2,,	,,,3.0,0.0,Completed,2.2,1.67,,,2.21,1.73,2.15,1.68,2.22,1.79
ATP,2026,28,Paris,French Open,2026-05-24,Grand Slam,Outdoor,Clay,1st Round,5,Machac T.,Bergs Z.,43.0,40.0,1080.0,1150.0,6,4,6,4.0,6,3,	,,,,3.0,0.0,Completed,1.67,2.2,,,1.73,2.21,1.69,2.14,1.75,2.3
ATP,2026,28,Paris,French Open,2026-05-24,Grand Slam,Outdoor,Clay,1st Round,5,Zverev A.,Bonzi B.,3.0,95.0,5705.0,629.0,6,3,6,4.0,6,2,,	,,,3.0,0.0,Completed,1.03,15.0,,,1.04,21.0,1.03,13.93,1.04,20.0
ATP,2026,28,Paris,French Open,2026-05-24,Grand Slam,Outdoor,Clay,1st Round,5,Mensik J.,Droguet T.,27.0,107.0,1550.0,578.0,6,3,6,2.0,6,4,,	,,,3.0,0.0,Completed,1.4,3.0,,,1.5,3.0,1.43,2.78,1.5,2.96
ATP,2026,28,Paris,French Open,2026-05-24,Grand Slam,Outdoor,Clay,1st Round,5,Cina F.,Opelka R.,238.0,76.0,242.0,758.0,3,6,6,4.0,6,2,6,7,6,4,3.0,2.0,Completed,1.5,2.63,,,1.53,2.83,1.46,2.67,1.5,2.96
ATP,2026,28,Paris,French Open,2026-05-24,Grand Slam,Outdoor,Clay,1st Round,5,Borges N.,Etcheverry T.,51.0,28.0,970.0,1510.0,6,3,6,4.0,6,2,,	,,,3.0,0.0,Completed,2.75,1.44,,,2.9,1.44,2.78,1.42,3.25,1.44
ATP,2026,28,Paris,French Open,2026-05-24,Grand Slam,Outdoor,Clay,1st Round,5,Prizmic D.,Zheng M.,72.0,146.0,785.0,414.0,6,1,6,1.0,6,3,,	,,,3.0,0.0,Completed,1.17,5.0,,,1.2,5.6,1.16,5.14,1.17,6.4
ATP,2026,28,Paris,French Open,2026-05-24,Grand Slam,Outdoor,Clay,1st Round,5,Fonseca J.,Pavlovic L.,30.0,241.0,1435.0,237.0,7,6,6,4.0,6,2,	,,,,3.0,0.0,Completed,1.05,11.0,,,1.07,13.0,1.05,9.97,1.08,11.5
ATP,2026,28,Paris,French Open,2026-05-24,Grand Slam,Outdoor,Clay,1st Round,5,Basavareddy N.,Fritz T.,148.0,9.0,409.0,3720.0,7,6,7,6.0,6,7,6,1,,	,3.0,1.0,Completed,4.33,1.22,,,4.6,1.25,4.2,1.21,5.1,1.24
ATP,2026,28,Paris,French Open,2026-05-24,Grand Slam,Outdoor,Clay,1st Round,5,Halys Q.,Bellucci M.,90.0,73.0,678.0,777.0,6,3,7,6.0,6,3,	,,,,3.0,0.0,Completed,1.73,2.1,,,1.73,2.3,1.64,2.22,1.67,2.48
ATP,2026,28,Paris,French Open,2026-05-24,Grand Slam,Outdoor,Clay,1st Round,5,Blockx A.,Wong C.,37.0,109.0,1238.0,574.0,6,3,6,4.0,6,2,	,,,,3.0,0.0,Completed,1.1,7.0,,,1.1,8.0,1.09,6.94,1.11,9.2
ATP,2026,28,Paris,French Open,2026-05-24,Grand Slam,Outdoor,Clay,1st Round,5,Medjedovic H.,Hanfmann Y.,58.0,53.0,894.0,936.0,6,3,6,4.0,6,7,6,4,	,,3.0,1.0,Completed,1.5,2.63,,,1.56,2.63,1.5,2.55,1.53,2.86
ATP,2026,28,Paris,French Open,2026-05-24,Grand Slam,Outdoor,Clay,1st Round,5,Sonego L.,Herbert P.,70.0,220.0,815.0,259.0,7,6,5,7.0,6,2,1,6,6,4,3.0,2.0,Completed,1.53,2.5,,,1.53,2.75,1.48,2.6,1.58,2.72
ATP,2026,28,Paris,French Open,2026-05-24,Grand Slam,Outdoor,Clay,1st Round,5,Royer V.,Dellien H.,74.0,144.0,773.0,421.0,6,4,6,2.0,6,2,,	,,,3.0,0.0,Completed,2.3,1.62,,,2.3,1.68,2.24,1.63,2.42,1.69
ATP,2026,28,Paris,French Open,2026-05-24,Grand Slam,Outdoor,Clay,1st Round,5,Djokovic N.,Mpetshi G.,4.0,83.0,4460.0,710.0,5,7,7,5.0,6,1,6,4,,	,3.0,1.0,Completed,1.08,8.0,,,1.1,8.0,1.08,7.39,1.11,9.6
ATP,2026,28,Paris,French Open,2026-05-25,Grand Slam,Outdoor,Clay,1st Round,5,Michelsen A.,Shevchenko A.,42.0,88.0,1115.0,689.0,6,2,6,4.0,6,2,,	,,,3.0,0.0,Completed,1.53,2.5,,,1.57,2.53,1.54,2.43,1.65,2.52
ATP,2026,28,Paris,French Open,2026-05-25,Grand Slam,Outdoor,Clay,1st Round,5,Carreno Busta P.,Lehecka J.,89.0,12.0,685.0,2665.0,6,3,7,6.0,6,3,	,,,,3.0,0.0,Completed,4.5,1.2,,,5.5,1.22,4.58,1.2,6.2,1.18
ATP,2026,28,Paris,French Open,2026-05-25,Grand Slam,Outdoor,Clay,1st Round,5,De Minaur A.,Samuel T.,7.0,159.0,3855.0,378.0,6,4,6,4.0,6,2,	,,,,3.0,0.0,Completed,1.07,9.0,,,1.09,9.5,1.07,8.02,1.08,12.5
ATP,2026,28,Paris,French Open,2026-05-25,Grand Slam,Outdoor,Clay,1st Round,5,Rinderknech A.,Rodionov J.,25.0,158.0,1736.0,379.0,7,6,6,2.0,6,3,	,,,,3.0,0.0,Completed,1.3,3.5,,,1.33,3.75,1.3,3.5,1.32,4.0
ATP,2026,28,Paris,French Open,2026-05-25,Grand Slam,Outdoor,Clay,1st Round,5,Berrettini M.,Fucsovics M.,105.0,65.0,585.0,859.0,6,7,7,5.0,6,1,6,2,,	,3.0,1.0,Completed,1.44,2.75,,,1.5,2.8,1.47,2.63,1.55,2.76
ATP,2026,28,Paris,French Open,2026-05-25,Grand Slam,Outdoor,Clay,1st Round,5,Van Assche L.,Gaubas V.,100.0,133.0,599.0,464.0,6,4,6,2.0,2,6,7,5,	,,3.0,1.0,Completed,1.73,2.1,,,1.73,2.1,1.73,2.1,1.33,2.78
ATP,2026,28,Paris,French Open,2026-05-25,Grand Slam,Outdoor,Clay,1st Round,5,Jodar R.,Kovacevic A.,29.0,67.0,1461.0,837.0,6,1,6,0.0,6,4,,	,,,3.0,0.0,Completed,1.08,8.0,,,1.12,8.5,1.09,7.28,1.11,9.2
ATP,2026,28,Paris,French Open,2026-05-25,Grand Slam,Outdoor,Clay,1st Round,5,Tiafoe F.,Spizzirri E.,22.0,91.0,1905.0,660.0,6,3,6,7.0,6,4,6,3,,	,3.0,1.0,Completed,1.07,9.0,,,1.08,9.5,1.07,8.08,1.11,9.8
ATP,2026,28,Paris,French Open,2026-05-25,Grand Slam,Outdoor,Clay,1st Round,5,Nakashima B.,Bautista Agut R.,35.0,117.0,1295.0,542.0,6,2,7,5.0,6,2,,	,,,3.0,0.0,Completed,1.3,3.5,,,1.32,3.75,1.29,3.47,1.33,4.0
ATP,2026,28,Paris,French Open,2026-05-25,Grand Slam,Outdoor,Clay,1st Round,5,De Jong J.,Wawrinka S.,106.0,113.0,580.0,553.0,6,3,3,6.0,6,3,6,4,,	,3.0,1.0,Completed,1.62,2.3,,,1.62,2.4,1.58,2.34,1.62,2.58
ATP,2026,28,Paris,French Open,2026-05-25,Grand Slam,Outdoor,Clay,1st Round,5,Kokkinakis T.,Atmane T.,855.0,52.0,29.0,938.0,6,7,6,2.0,4,6,6,3,7,5,3.0,2.0,Completed,4,1.25,,,4.0,1.29,3.73,1.26,4.4,1.28
ATP,2026,28,Paris,French Open,2026-05-25,Grand Slam,Outdoor,Clay,1st Round,5,Navone M.,Brooksby J.,38.0,63.0,1215.0,865.0,6,4,6,4.0,6,4,	,,,,3.0,0.0,Completed,1.14,5.5,,,1.16,6.0,1.14,5.46,1.13,8.0
ATP,2026,28,Paris,French Open,2026-05-25,Grand Slam,Outdoor,Clay,1st Round,5,Ugo Carabelli C.,Nava E.,59.0,94.0,890.0,631.0,7,6,6,3.0,6,3,,	,,,3.0,0.0,Completed,1.8,2.0,,,1.95,2.0,1.86,1.89,2.0,1.98
ATP,2026,28,Paris,French Open,2026-05-25,Grand Slam,Outdoor,Clay,1st Round,5,Humbert U.,Mannarino A.,32.0,45.0,1370.0,1037.0,6,3,6,4.0,6,3,	,,,,3.0,0.0,Completed,1.11,6.5,,,1.12,7.0,1.11,6.31,1.13,8.0
ATP,2026,28,Paris,French Open,2026-05-25,Grand Slam,Outdoor,Clay,1st Round,5,Hurkacz H.,Munar J.,99.0,41.0,600.0,1145.0,6,3,6,3.0,2,6,6,3,,	,3.0,1.0,Completed,1.67,2.2,,,1.73,2.25,1.67,2.17,1.75,2.32
ATP,2026,28,Paris,French Open,2026-05-25,Grand Slam,Outdoor,Clay,1st Round,5,Paul T.,Hijikata R.,21.0,98.0,1945.0,612.0,4,6,6,3.0,7,5,6,4,,	,3.0,1.0,Completed,1.05,11.0,,,1.05,14.0,1.04,11.09,1.06,15.0
ATP,2026,28,Paris,French Open,2026-05-25,Grand Slam,Outdoor,Clay,1st Round,5,Rublev A.,Buse I.,13.0,31.0,2460.0,1412.0,6,3,6,7.0,6,3,7,5,,	,3.0,1.0,Completed,1.44,2.75,,,1.45,2.85,1.44,2.73,1.49,3.0
ATP,2026,28,Paris,French Open,2026-05-25,Grand Slam,Outdoor,Clay,1st Round,5,Ruud C.,Safiullin R.,16.0,141.0,2275.0,430.0,6,2,7,6.0,5,7,0,6,6,2,3.0,2.0,Completed,1.1,7.0,,,1.1,8.0,1.09,7.09,1.11,9.4
ATP,2026,28,Paris,French Open,2026-05-25,Grand Slam,Outdoor,Clay,1st Round,5,Collignon R.,Vukic A.,62.0,96.0,866.0,626.0,6,3,6,3.0,7,6,	,,,,3.0,0.0,Completed,1.08,8.0,,,1.08,9.0,1.07,8.34,1.1,10.0
ATP,2026,28,Paris,French Open,2026-05-25,Grand Slam,Outdoor,Clay,1st Round,5,Cerundolo F.,Van De Zandschulp B.,26.0,55.0,1570.0,935.0,6,3,6,4.0,6,7,6,4,	,,3.0,1.0,Completed,1.17,5.0,,,1.1,7.0,1.15,5.28,1.16,6.8
ATP,2026,28,Paris,French Open,2026-05-25,Grand Slam,Outdoor,Clay,1st Round,5,Cobolli F.,Pellegrino A.,14.0,124.0,2340.0,507.0,6,4,7,6.0,6,3,	,,,,3.0,0.0,Completed,1.33,3.4,,,1.37,3.55,1.31,3.37,1.34,3.9
ATP,2026,28,Paris,French Open,2026-05-25,Grand Slam,Outdoor,Clay,1st Round,5,Wu Y.,Giron M.,92.0,84.0,655.0,705.0,7,5,6,2.0,6,4,	,,,,3.0,0.0,Completed,2.1,1.73,,,2.13,1.8,2.05,1.74,2.22,1.8
ATP,2026,28,Paris,French Open,2026-05-25,Grand Slam,Outdoor,Clay,1st Round,5,Shelton B.,Merida Aguilar D.,5.0,86.0,4070.0,696.0,6,3,6,3.0,6,4,,	,,,3.0,0.0,Completed,1.29,3.75,,,1.29,4.0,1.25,3.85,1.27,4.6
ATP,2026,28,Paris,French Open,2026-05-25,Grand Slam,Outdoor,Clay,1st Round,5,Gaston H.,Monfils G.,118.0,218.0,533.0,260.0,6,2,6,3.0,3,6,2,6,6,0,3.0,2.0,Completed,2.1,1.73,,,2.2,1.8,2.05,1.74,2.22,1.8
ATP,2026,28,Paris,French Open,2026-05-26,Grand Slam,Outdoor,Clay,1st Round,5,Kouame M.,Cilic M.,318.0,46.0,165.0,1010.0,7,6,6,2.0,6,1,,	,,,3.0,0.0,Completed,4,1.25,,,4.0,1.3,3.81,1.26,4.5,1.28
ATP,2026,28,Paris,French Open,2026-05-26,Grand Slam,Outdoor,Clay,1st Round,5,Arnaldi M.,Griekspoor T.,104.0,33.0,586.0,1340.0,6,7,6,3.0,7,6,6,3,,	,3.0,1.0,Completed,1.73,2.1,,,1.73,2.2,1.7,2.12,1.79,2.24
ATP,2026,28,Paris,French Open,2026-05-26,Grand Slam,Outdoor,Clay,1st Round,5,Svajda Z.,Popyrin A.,85.0,61.0,696.0,870.0,3,6,6,3.0,7,6,7,5,,	,3.0,1.0,Completed,8,1.08,,,8.0,1.11,6.77,1.1,8.4,1.13
ATP,2026,28,Paris,French Open,2026-05-26,Grand Slam,Outdoor,Clay,1st Round,5,Tabilo A.,Majchrzak K.,36.0,78.0,1278.0,747.0,6,1,6,3.0,6,4,	,,,,3.0,0.0,Completed,1.22,4.33,,,1.23,4.5,1.21,4.28,1.25,4.9
ATP,2026,28,Paris,French Open,2026-05-26,Grand Slam,Outdoor,Clay,1st Round,5,Walton A.,Medvedev D.,97.0,8.0,614.0,3760.0,6,2,1,6.0,6,1,1,6,6,4,3.0,2.0,Completed,13,1.04,,,17.0,1.04,12.31,1.03,16.5,1.06
ATP,2026,28,Paris,French Open,2026-05-26,Grand Slam,Outdoor,Clay,1st Round,5,Vacherot V.,Faurel T.,19.0,378.0,2103.0,131.0,6,3,6,4.0,3,6,7,6,,	,3.0,1.0,Completed,1.13,6.0,,,1.15,6.0,1.14,5.52,1.16,6.6
ATP,2026,28,Paris,French Open,2026-05-26,Grand Slam,Outdoor,Clay,1st Round,5,Diaz Acosta F.,Zhang Zh.,151.0,224.0,407.0,254.0,6,1,6,4.0,6,3,	,,,,3.0,0.0,Completed,1.36,3.2,,,1.4,3.25,1.35,3.11,1.4,3.4
ATP,2026,28,Paris,French Open,2026-05-26,Grand Slam,Outdoor,Clay,1st Round,5,Landaluce M.,Prado Angelo J.C.,69.0,176.0,827.0,338.0,6,3,4,6.0,6,2,6,7,6,4,3.0,2.0,Completed,1.3,3.5,,,1.35,3.5,1.33,3.27,1.38,3.55
ATP,2026,28,Paris,French Open,2026-05-26,Grand Slam,Outdoor,Clay,1st Round,5,Tsitsipas S.,Muller A.,79.0,127.0,740.0,494.0,6,2,3,0.0,,	,,,,,1.0,0.0,Retired,1.14,5.5,,,1.16,6.0,1.14,5.41,1.17,6.4
ATP,2026,28,Paris,French Open,2026-05-26,Grand Slam,Outdoor,Clay,1st Round,5,Kopriva V.,Moutet C.,66.0,34.0,856.0,1323.0,6,3,5,7.0,6,4,3,6,6,3,3.0,2.0,Completed,2.3,1.62,,,2.35,1.67,2.25,1.63,2.34,1.73
ATP,2026,28,Paris,French Open,2026-05-26,Grand Slam,Outdoor,Clay,1st Round,5,Vallejo D.,Norrie C.,71.0,24.0,786.0,1785.0,7,6,2,0.0,,	,,,,,1.0,0.0,Retired,1.8,2.0,,,1.8,2.1,1.76,2.02,1.84,2.16
ATP,2026,28,Paris,French Open,2026-05-26,Grand Slam,Outdoor,Clay,1st Round,5,Burruchaga R.,Baez S.,68.0,64.0,833.0,860.0,2,6,7,5.0,6,2,2,0,,	,2.0,1.0,Retired,2.2,1.67,,,2.25,1.74,2.17,1.67,2.38,1.71
ATP,2026,28,Paris,French Open,2026-05-26,Grand Slam,Outdoor,Clay,1st Round,5,Tien L.,Garin C.,18.0,114.0,2180.0,552.0,6,0,2,6.0,6,0,6,2,,	,3.0,1.0,Completed,1.44,2.75,,,1.55,2.75,1.49,2.57,1.51,2.92
ATP,2026,28,Paris,French Open,2026-05-26,Grand Slam,Outdoor,Clay,1st Round,5,Struff J.L.,Bublik A.,80.0,10.0,739.0,3320.0,7,5,6,7.0,6,4,7,5,,	,3.0,1.0,Completed,4,1.25,,,4.1,1.28,3.89,1.25,4.6,1.27
ATP,2026,28,Paris,French Open,2026-05-26,Grand Slam,Outdoor,Clay,1st Round,5,Faria J.,Shapovalov D.,115.0,39.0,548.0,1170.0,6,4,7,5.0,6,4,	,,,,3.0,0.0,Completed,1.53,2.5,,,1.55,2.54,1.52,2.46,1.55,2.78
ATP,2026,28,Paris,French Open,2026-05-26,Grand Slam,Outdoor,Clay,1st Round,5,Cerundolo J.M.,Fearnley J.,56.0,125.0,935.0,505.0,6,2,7,6.0,7,6,,	,,,3.0,0.0,Completed,1.25,4.0,,,1.25,4.33,1.24,4.02,1.26,4.7
ATP,2026,28,Paris,French Open,2026-05-26,Grand Slam,Outdoor,Clay,1st Round,5,Comesana F.,Quinn E.,102.0,50.0,598.0,974.0,6,4,7,6.0,7,6,,	,,,3.0,0.0,Completed,1.62,2.3,,,1.67,2.31,1.63,2.24,1.66,2.46
ATP,2026,28,Paris,French Open,2026-05-26,Grand Slam,Outdoor,Clay,1st Round,5,Darderi L.,Ofner S.,17.0,112.0,2260.0,558.0,7,6,6,2.0,6,3,,	,,,3.0,0.0,Completed,1.29,3.75,,,1.36,3.75,1.3,3.51,1.32,4.1
ATP,2026,28,Paris,French Open,2026-05-26,Grand Slam,Outdoor,Clay,1st Round,5,Auger-Aliassime F.,Altmaier D.,6.0,57.0,4050.0,930.0,4,6,6,4.0,4,6,6,1,7,6,3.0,2.0,Completed,1.3,3.5,,,1.36,3.6,1.3,3.41,1.38,3.6
ATP,2026,28,Paris,French Open,2026-05-26,Grand Slam,Outdoor,Clay,1st Round,5,Sinner J.,Tabur C.,1.0,171.0,14750.0,348.0,6,1,6,3.0,6,4,	,,,,3.0,0.0,Completed,1,67.0,,,1.01,67.0,1.01,40.64,1.01,110.0
ATP,2026,28,Paris,French Open,2026-05-27,Grand Slam,Outdoor,Clay,2nd Round,5,De Minaur A.,Blockx A.,7.0,37.0,3855.0,1238.0,	,,,,,,,,,,,,Walkover,1.5,2.63,,,1.57,2.63,1.54,2.44,1.56,2.72
ATP,2026,28,Paris,French Open,2026-05-27,Grand Slam,Outdoor,Clay,2nd Round,5,Tirante T.A.,Davidovich Fokina A.,60.0,23.0,887.0,1860.0,4,6,7,6.0,6,1,6,3,,	,3.0,1.0,Completed,1.62,2.3,,,1.63,2.43,1.58,2.32,1.63,2.54
ATP,2026,28,Paris,French Open,2026-05-27,Grand Slam,Outdoor,Clay,2nd Round,5,Khachanov K.,Trungelliti M.,15.0,81.0,2320.0,731.0,7,6,5,7.0,6,1,7,6,	,,3.0,1.0,Completed,1.25,4.0,,,1.26,4.5,1.23,3.99,1.27,4.6
ATP,2026,28,Paris,French Open,2026-05-27,Grand Slam,Outdoor,Clay,2nd Round,5,De Jong J.,Cina F.,106.0,238.0,580.0,242.0,6,3,6,1.0,6,3,,	,,,3.0,0.0,Completed,1.62,2.3,,,1.62,2.38,1.59,2.3,1.68,2.44
ATP,2026,28,Paris,French Open,2026-05-27,Grand Slam,Outdoor,Clay,2nd Round,5,Rublev A.,Ugo Carabelli C.,13.0,59.0,2460.0,890.0,6,1,1,6.0,6,3,7,6,,	,3.0,1.0,Completed,1.25,4.0,,,1.29,4.0,1.26,3.73,1.31,4.1
ATP,2026,28,Paris,French Open,2026-05-27,Grand Slam,Outdoor,Clay,2nd Round,5,Mensik J.,Navone M.,27.0,38.0,1550.0,1215.0,6,3,2,6.0,6,4,1,6,7,6,3.0,2.0,Completed,1.8,2.0,,,1.83,2.04,1.78,1.99,1.87,2.12
ATP,2026,28,Paris,French Open,2026-05-27,Grand Slam,Outdoor,Clay,2nd Round,5,Carreno Busta P.,Kokkinakis T.,89.0,855.0,685.0,29.0,7,5,4,6.0,1,0,,	,,,1.0,1.0,Retired,1.36,3.2,,,1.4,3.25,1.37,3.06,1.39,3.5
ATP,2026,28,Paris,French Open,2026-05-27,Grand Slam,Outdoor,Clay,2nd Round,5,Borges N.,Kecmanovic M.,51.0,48.0,970.0,980.0,3,6,6,2.0,6,1,6,2,	,,3.0,1.0,Completed,2.3,1.62,,,2.45,1.62,2.35,1.57,2.58,1.63
ATP,2026,28,Paris,French Open,2026-05-27,Grand Slam,Outdoor,Clay,2nd Round,5,Djokovic N.,Royer V.,4.0,74.0,4460.0,773.0,6,3,6,2.0,6,7,6,3,,	,3.0,1.0,Completed,1.1,7.0,,,1.12,7.5,1.1,6.61,1.13,8.2
ATP,2026,28,Paris,French Open,2026-05-27,Grand Slam,Outdoor,Clay,2nd Round,5,Jodar R.,Duckworth J.,29.0,82.0,1461.0,722.0,6,1,6,7.0,6,4,7,5,,	,3.0,1.0,Completed,1.03,15.0,,,1.04,16.0,1.03,12.88,1.04,21.0
ATP,2026,28,Paris,French Open,2026-05-27,Grand Slam,Outdoor,Clay,2nd Round,5,Halys Q.,Humbert U.,90.0,32.0,678.0,1370.0,6,4,7,6.0,7,6,,	,,,3.0,0.0,Completed,2.3,1.62,,,2.3,1.67,2.23,1.64,2.32,1.74
ATP,2026,28,Paris,French Open,2026-05-27,Grand Slam,Outdoor,Clay,2nd Round,5,Michelsen A.,Basavareddy N.,42.0,148.0,1115.0,409.0,7,6,6,3.0,3,6,6,3,,	,3.0,1.0,Completed,1.5,2.63,,,1.53,2.63,1.51,2.53,1.55,2.78
ATP,2026,28,Paris,French Open,2026-05-27,Grand Slam,Outdoor,Clay,2nd Round,5,Fonseca J.,Prizmic D.,30.0,72.0,1435.0,785.0,3,6,4,6.0,6,3,6,1,6,2,3.0,2.0,Completed,1.91,1.91,,,1.95,2.0,1.87,1.9,1.93,2.04
ATP,2026,28,Paris,French Open,2026-05-27,Grand Slam,Outdoor,Clay,2nd Round,5,Paul T.,Sonego L.,21.0,70.0,1945.0,815.0,6,3,6,2.0,6,4,,	,,,3.0,0.0,Completed,1.13,6.0,,,1.14,6.0,1.13,5.68,1.15,7.4
ATP,2026,28,Paris,French Open,2026-05-27,Grand Slam,Outdoor,Clay,2nd Round,5,Zverev A.,Machac T.,3.0,43.0,5705.0,1080.0,6,4,6,2.0,6,2,,	,,,3.0,0.0,Completed,1.11,6.5,,,1.12,7.5,1.1,6.56,1.12,8.6
ATP,2026,28,Paris,French Open,2026-05-27,Grand Slam,Outdoor,Clay,2nd Round,5,Ruud C.,Medjedovic H.,16.0,58.0,2275.0,894.0,6,3,6,2.0,6,4,	,,,,3.0,0.0,Completed,1.36,3.2,,,1.4,3.25,1.36,3.09,1.4,3.45
ATP,2026,28,Paris,French Open,2026-05-28,Grand Slam,Outdoor,Clay,2nd Round,5,Faria J.,Struff J.L.,115.0,80.0,548.0,739.0,7,5,7,6.0,6,2,,	,,,3.0,0.0,Completed,1.57,2.38,,,1.62,2.38,1.58,2.32,1.67,2.48
ATP,2026,28,Paris,French Open,2026-05-28,Grand Slam,Outdoor,Clay,2nd Round,5,Tien L.,Diaz Acosta F.,18.0,151.0,2180.0,407.0,7,5,4,6.0,3,6,7,6,6,3,3.0,2.0,Completed,1.22,4.33,,,1.26,5.5,1.22,4.14,1.27,4.6
ATP,2026,28,Paris,French Open,2026-05-28,Grand Slam,Outdoor,Clay,2nd Round,5,Kouame M.,Vallejo D.,318.0,71.0,165.0,786.0,6,3,7,5.0,3,6,2,6,7,6,3.0,2.0,Completed,3.5,1.3,,,3.75,1.33,3.44,1.3,3.8,1.35
ATP,2026,28,Paris,French Open,2026-05-28,Grand Slam,Outdoor,Clay,2nd Round,5,Cobolli F.,Wu Y.,14.0,92.0,2340.0,655.0,6,4,6,4.0,6,4,	,,,,3.0,0.0,Completed,1.22,4.33,,,1.22,4.5,1.21,4.27,1.22,5.3
ATP,2026,28,Paris,French Open,2026-05-28,Grand Slam,Outdoor,Clay,2nd Round,5,Svajda Z.,Walton A.,85.0,97.0,696.0,614.0,6,3,6,4.0,6,7,6,2,	,,3.0,1.0,Completed,1.73,2.1,,,1.8,2.1,1.75,2.04,1.87,2.12
ATP,2026,28,Paris,French Open,2026-05-28,Grand Slam,Outdoor,Clay,2nd Round,5,Cerundolo J.M.,Sinner J.,56.0,1.0,935.0,14750.0,3,6,2,6.0,7,5,6,1,6,1,3.0,2.0,Completed,26,1.01,,,51.0,1.01,23.5,1.01,36.0,1.02
ATP,2026,28,Paris,French Open,2026-05-28,Grand Slam,Outdoor,Clay,2nd Round,5,Tiafoe F.,Hurkacz H.,22.0,99.0,1905.0,600.0,6,7,7,6.0,6,4,6,7,6,4,3.0,2.0,Completed,2.2,1.67,,,2.3,1.68,2.23,1.63,2.4,1.7
ATP,2026,28,Paris,French Open,2026-05-28,Grand Slam,Outdoor,Clay,2nd Round,5,Cerundolo F.,Gaston H.,26.0,118.0,1570.0,533.0,2,6,6,4.0,6,2,6,1,	,,3.0,1.0,Completed,1.08,8.0,,,1.1,9.0,1.09,7.36,1.11,9.4
ATP,2026,28,Paris,French Open,2026-05-28,Grand Slam,Outdoor,Clay,2nd Round,5,Landaluce M.,Kopriva V.,69.0,66.0,827.0,856.0,1,6,2,6.0,6,4,7,5,6,0,3.0,2.0,Completed,2.1,1.73,,,2.25,1.73,2.2,1.64,2.38,1.7
ATP,2026,28,Paris,French Open,2026-05-28,Grand Slam,Outdoor,Clay,2nd Round,5,Tabilo A.,Vacherot V.,36.0,19.0,1278.0,2103.0,	,,,,,,,,,,,,Walkover,1.5,2.63,,,1.53,2.75,1.48,2.59,1.57,2.72
ATP,2026,28,Paris,French Open,2026-05-28,Grand Slam,Outdoor,Clay,2nd Round,5,Auger-Aliassime F.,Burruchaga R.,6.0,68.0,4050.0,833.0,4,6,6,0.0,7,5,6,1,	,,3.0,1.0,Completed,1.3,3.5,,,1.36,3.75,1.33,3.31,1.37,3.65
ATP,2026,28,Paris,French Open,2026-05-28,Grand Slam,Outdoor,Clay,2nd Round,5,Comesana F.,Darderi L.,102.0,17.0,598.0,2260.0,7,6,4,6.0,6,4,2,6,6,4,3.0,2.0,Completed,3.75,1.29,,,3.75,1.33,3.41,1.31,3.9,1.33
ATP,2026,28,Paris,French Open,2026-05-28,Grand Slam,Outdoor,Clay,2nd Round,5,Nakashima B.,Van Assche L.,35.0,100.0,1295.0,599.0,6,7,6,4.0,5,7,6,1,6,3,3.0,2.0,Completed,1.4,3.0,,,1.44,3.25,1.39,2.92,1.42,3.3
ATP,2026,28,Paris,French Open,2026-05-28,Grand Slam,Outdoor,Clay,2nd Round,5,Collignon R.,Shelton B.,62.0,5.0,866.0,4070.0,6,4,7,5.0,6,4,	,,,,3.0,0.0,Completed,2.75,1.44,,,3.0,1.48,2.77,1.43,3.05,1.48
ATP,2026,28,Paris,French Open,2026-05-28,Grand Slam,Outdoor,Clay,2nd Round,5,Arnaldi M.,Tsitsipas S.,104.0,79.0,586.0,740.0,7,6,5,7.0,6,3,6,2,	,,3.0,1.0,Completed,2.5,1.53,,,2.75,1.53,2.54,1.5,2.8,1.54
ATP,2026,28,Paris,French Open,2026-05-28,Grand Slam,Outdoor,Clay,2nd Round,5,Berrettini M.,Rinderknech A.,105.0,25.0,585.0,1736.0,6,4,6,4.0,6,4,,	,,,3.0,0.0,Completed,2,1.8,,,2.16,1.81,2.04,1.75,2.16,1.84
ATP,2026,28,Paris,French Open,2026-05-29,Grand Slam,Outdoor,Clay,3rd Round,5,Rublev A.,Borges N.,13.0,51.0,2460.0,970.0,7,5,7,6.0,7,6,,	,,,3.0,0.0,Completed,1.33,3.4,,,1.4,3.5,1.33,3.29,1.4,3.4
ATP,2026,28,Paris,French Open,2026-05-29,Grand Slam,Outdoor,Clay,3rd Round,5,Carreno Busta P.,Tirante T.A.,89.0,60.0,685.0,887.0,7,6,7,5.0,3,6,6,4,,	,3.0,1.0,Completed,3,1.4,,,3.1,1.44,2.89,1.4,3.15,1.45
ATP,2026,28,Paris,French Open,2026-05-29,Grand Slam,Outdoor,Clay,3rd Round,5,Jodar R.,Michelsen A.,29.0,42.0,1461.0,1115.0,7,6,6,7.0,4,6,6,3,6,3,3.0,2.0,Completed,1.14,5.5,,,1.19,6.0,1.16,5.11,1.21,5.6
ATP,2026,28,Paris,French Open,2026-05-29,Grand Slam,Outdoor,Clay,3rd Round,5,Fonseca J.,Djokovic N.,30.0,4.0,1435.0,4460.0,4,6,4,6.0,6,3,7,5,7,5,3.0,2.0,Completed,2.75,1.44,,,2.88,1.5,2.71,1.45,2.86,1.53
ATP,2026,28,Paris,French Open,2026-05-29,Grand Slam,Outdoor,Clay,3rd Round,5,De Jong J.,Khachanov K.,106.0,15.0,580.0,2320.0,7,5,5,7.0,6,2,6,7,6,2,3.0,2.0,Completed,3.4,1.33,,,3.5,1.34,3.3,1.32,3.65,1.37
ATP,2026,28,Paris,French Open,2026-05-29,Grand Slam,Outdoor,Clay,3rd Round,5,Mensik J.,De Minaur A.,27.0,7.0,1550.0,3855.0,0,6,6,2.0,6,2,6,3,,	,3.0,1.0,Completed,4.33,1.22,,,4.5,1.25,4.27,1.21,4.8,1.26
ATP,2026,28,Paris,French Open,2026-05-29,Grand Slam,Outdoor,Clay,3rd Round,5,Ruud C.,Paul T.,16.0,21.0,2275.0,1945.0,4,6,6,7.0,6,4,7,6,7,5,3.0,2.0,Completed,1.3,3.5,,,1.33,3.75,1.3,3.43,1.33,3.9
ATP,2026,28,Paris,French Open,2026-05-29,Grand Slam,Outdoor,Clay,3rd Round,5,Zverev A.,Halys Q.,3.0,90.0,5705.0,678.0,6,4,6,3.0,5,7,6,2,,	,3.0,1.0,Completed,1.05,11.0,,,1.06,13.0,1.05,9.56,1.1,10.5
ATP,2026,28,Paris,French Open,2026-05-30,Grand Slam,Outdoor,Clay,3rd Round,5,Svajda Z.,Cerundolo F.,85.0,26.0,696.0,1570.0,6,3,6,4.0,3,6,4,6,6,3,3.0,2.0,Completed,8,1.08,,,8.5,1.08,7.73,1.07,10.5,1.09
ATP,2026,28,Paris,French Open,2026-05-30,Grand Slam,Outdoor,Clay,3rd Round,5,Cobolli F.,Tien L.,14.0,18.0,2340.0,2180.0,6,2,6,2.0,6,3,	,,,,3.0,0.0,Completed,1.53,2.5,,,1.58,2.5,1.55,2.41,1.67,2.46
ATP,2026,28,Paris,French Open,2026-05-30,Grand Slam,Outdoor,Clay,3rd Round,5,Berrettini M.,Comesana F.,105.0,102.0,585.0,598.0,7,6,5,7.0,6,7,6,4,7,6,3.0,2.0,Completed,1.44,2.75,,,1.45,2.9,1.43,2.76,1.48,3.05
ATP,2026,28,Paris,French Open,2026-05-30,Grand Slam,Outdoor,Clay,3rd Round,5,Cerundolo J.M.,Landaluce M.,56.0,69.0,935.0,827.0,6,4,6,7.0,7,6,6,7,7,6,3.0,2.0,Completed,1.67,2.2,,,1.67,2.38,1.62,2.26,1.62,2.58
ATP,2026,28,Paris,French Open,2026-05-30,Grand Slam,Outdoor,Clay,3rd Round,5,Tabilo A.,Kouame M.,36.0,318.0,1278.0,165.0,4,6,6,3.0,6,4,7,6,,	,3.0,1.0,Completed,1.22,4.33,,,1.22,4.5,1.21,4.24,1.26,4.7
ATP,2026,28,Paris,French Open,2026-05-30,Grand Slam,Outdoor,Clay,3rd Round,5,Arnaldi M.,Collignon R.,104.0,62.0,586.0,866.0,6,4,6,7.0,5,7,6,4,7,6,3.0,2.0,Completed,3,1.4,,,3.0,1.46,2.86,1.41,3.2,1.44
ATP,2026,28,Paris,French Open,2026-05-30,Grand Slam,Outdoor,Clay,3rd Round,5,Tiafoe F.,Faria J.,22.0,115.0,1905.0,548.0,4,6,6,7.0,7,6,6,1,6,2,3.0,2.0,Completed,1.53,2.5,,,1.62,2.55,1.53,2.45,1.58,2.68
ATP,2026,28,Paris,French Open,2026-05-30,Grand Slam,Outdoor,Clay,3rd Round,5,Auger-Aliassime F.,Nakashima B.,6.0,35.0,4050.0,1295.0,5,7,6,1.0,7,6,7,6,	,,3.0,1.0,Completed,1.33,3.4,,,1.33,3.75,1.31,3.36,1.37,3.6
ATP,2026,28,Paris,French Open,2026-05-31,Grand Slam,Outdoor,Clay,4th Round,5,Jodar R.,Carreno Busta P.,29.0,89.0,1461.0,685.0,4,6,4,6.0,6,1,6,2,6,2,3.0,2.0,Completed,1.25,4.0,,,1.27,4.25,1.24,3.96,1.3,4.3
ATP,2026,28,Paris,French Open,2026-05-31,Grand Slam,Outdoor,Clay,4th Round,5,Zverev A.,De Jong J.,3.0,106.0,5705.0,580.0,7,6,6,4.0,6,1,,	,,,3.0,0.0,Completed,1.05,11.0,,,1.05,11.0,1.05,11.0,1.08,12.5
ATP,2026,28,Paris,French Open,2026-05-31,Grand Slam,Outdoor,Clay,4th Round,5,Mensik J.,Rublev A.,27.0,13.0,1550.0,2460.0,6,3,7,6.0,4,6,2,6,6,3,3.0,2.0,Completed,2,1.8,,,2.06,1.82,2.0,1.77,2.1,1.9
ATP,2026,28,Paris,French Open,2026-05-31,Grand Slam,Outdoor,Clay,4th Round,5,Fonseca J.,Ruud C.,30.0,16.0,1435.0,2275.0,7,5,7,6.0,5,7,6,2,,	,3.0,1.0,Completed,2.5,1.53,,,2.63,1.53,2.53,1.5,2.66,1.6
ATP,2026,28,Paris,French Open,2026-06-01,Grand Slam,Outdoor,Clay,4th Round,5,Cobolli F.,Svajda Z.,14.0,85.0,2340.0,696.0,6,2,6,3.0,6,7,7,6,	,,3.0,1.0,Completed,1.11,6.5,,,1.13,6.5,1.12,6.14,1.12,8.8
ATP,2026,28,Paris,French Open,2026-06-01,Grand Slam,Outdoor,Clay,4th Round,5,Berrettini M.,Cerundolo J.M.,105.0,56.0,585.0,935.0,6,3,7,6.0,7,6,,	,,,3.0,0.0,Completed,1.57,2.38,,,1.58,2.5,1.55,2.42,1.62,2.58
ATP,2026,28,Paris,French Open,2026-06-01,Grand Slam,Outdoor,Clay,4th Round,5,Auger-Aliassime F.,Tabilo A.,6.0,36.0,4050.0,1278.0,6,3,7,5.0,6,1,	,,,,3.0,0.0,Completed,1.53,2.5,,,1.55,2.75,1.49,2.57,1.57,2.72
ATP,2026,28,Paris,French Open,2026-06-01,Grand Slam,Outdoor,Clay,4th Round,5,Arnaldi M.,Tiafoe F.,104.0,22.0,586.0,1905.0,7,6,6,7.0,3,6,7,6,6,4,3.0,2.0,Completed,1.8,2.0,,,1.92,2.2,1.84,1.95,1.92,2.06
ATP,2026,28,Paris,French Open,2026-06-02,Grand Slam,Outdoor,Clay,Quarterfinals,5,Zverev A.,Jodar R.,3.0,29.0,5705.0,1461.0,7,6,6,1.0,6,3,,	,,,3.0,0.0,Completed,1.25,4.0,,,1.27,4.33,1.24,3.94,1.27,4.6
ATP,2026,28,Paris,French Open,2026-06-02,Grand Slam,Outdoor,Clay,Quarterfinals,5,Mensik J.,Fonseca J.,27.0,30.0,1550.0,1435.0,6,4,6,3.0,7,6,	,,,,3.0,0.0,Completed,2.75,1.44,,,2.88,1.47,2.75,1.43,2.92,1.51
ATP,2026,28,Paris,French Open,2026-06-03,Grand Slam,Outdoor,Clay,Quarterfinals,5,Cobolli F.,Auger-Aliassime F.,14.0,6.0,2340.0,4050.0,4,6,6,4.0,6,4,6,4,,	,3.0,1.0,Completed,2,1.8,,,2.05,1.91,1.96,1.82,2.04,1.95
ATP,2026,28,Paris,French Open,2026-06-03,Grand Slam,Outdoor,Clay,Quarterfinals,5,Arnaldi M.,Berrettini M.,104.0,105.0,586.0,585.0,7,5,5,2.0,,	,,,,,1.0,0.0,Retired,2.63,1.5,,,2.63,1.54,2.53,1.51,2.7,1.58
ATP,2026,28,Paris,French Open,2026-06-05,Grand Slam,Outdoor,Clay,Semifinals,5,Zverev A.,Mensik J.,3.0,27.0,5705.0,1550.0,7,5,6,2.0,3,6,6,3,,	,3.0,1.0,Completed,1.29,3.75,,,1.29,4.0,1.26,3.82,1.29,4.4
ATP,2026,28,Paris,French Open,2026-06-05,Grand Slam,Outdoor,Clay,Semifinals,5,Cobolli F.,Arnaldi M.,14.0,104.0,2340.0,586.0,,	,,,,,,,,,,,Walkover,1.44,2.75,,,1.44,3.2,1.4,2.93,1.38,3.6
ATP,2026,28,Paris,French Open,2026-06-07,Grand Slam,Outdoor,Clay,The Final,5,Zverev A.,Cobolli F.,3.0,14.0,5705.0,2340.0,6,1,4,6.0,6,4,6,7,6,1,3.0,2.0,Completed,1.18,5.0,,,1.25,5.25,1.21,4.56,1.22,5.4
