Tour,Year,WTA,Location,Tournament,Date,Tier,Court,Surface,Round,Best of,Winner,Loser,WRank,LRank,WPts,LPts,W1,L1,W2,L2,W3,L3,Wsets,Lsets,Comment,B365W,B365L,PSW,PSL,MaxW,MaxL,AvgW,AvgL
WTA,2020,6,Melbourne,Australian Open,2020-01-20,Grand Slam,Outdoor,Hard,1st Round,3,Badosa P.,Larsson J.,97.0,215.0,687.0,280.0,6.0,1.0,6.0,0.0,,,2.0,0.0,Completed,2.1,1.72,2.0,1.88,2.2,1.91,2.07,1.76
WTA,2020,6,Melbourne,Australian Open,2020-01-20,Grand Slam,Outdoor,Hard,1st Round,3,Alexandrova E.,Teichmann J.,28.0,68.0,1645.0,883.0,6.0,4.0,4.0,6.0,6.0,2.0,2.0,1.0,Completed,1.2,4.5,1.21,4.91,1.21,6.0,1.18,4.89
WTA,2020,6,Melbourne,Australian Open,2020-01-20,Grand Slam,Outdoor,Hard,1st Round,3,Goerges J.,Kuzmova V.,39.0,60.0,1415.0,965.0,6.0,1.0,6.0,2.0,,,2.0,0.0,Completed,1.33,3.4,1.33,3.62,1.36,3.75,1.32,3.41
WTA,2020,6,Melbourne,Australian Open,2020-01-20,Grand Slam,Outdoor,Hard,1st Round,3,Zhu L.,Golubic V.,71.0,76.0,850.0,772.0,4.0,6.0,6.0,1.0,7.0,6.0,2.0,1.0,Completed,1.8,2.0,1.81,2.1,1.91,2.1,1.79,2.02
WTA,2020,6,Melbourne,Australian Open,2020-01-20,Grand Slam,Outdoor,Hard,1st Round,3,Martic P.,Mchale C.,14.0,84.0,2646.0,741.0,6.0,3.0,6.0,0.0,,,2.0,0.0,Completed,1.44,2.75,1.5,2.75,1.51,2.82,1.46,2.72
WTA,2020,6,Melbourne,Australian Open,2020-01-20,Grand Slam,Outdoor,Hard,1st Round,3,Zheng S.,Kalinskaya A.,42.0,109.0,1350.0,613.0,6.0,3.0,6.0,2.0,,,2.0,0.0,Completed,1.72,2.1,1.82,2.08,1.83,2.23,1.74,2.09
WTA,2020,6,Melbourne,Australian Open,2020-01-20,Grand Slam,Outdoor,Hard,1st Round,3,Osaka N.,Bouzkova M.,4.0,59.0,5496.0,979.0,6.0,2.0,6.0,4.0,,,2.0,0.0,Completed,1.14,5.5,1.18,5.47,1.19,6.0,1.16,5.33
WTA,2020,6,Melbourne,Australian Open,2020-01-20,Grand Slam,Outdoor,Hard,1st Round,3,Kenin S.,Trevisan M.,15.0,154.0,2565.0,384.0,6.0,2.0,6.0,4.0,,,2.0,0.0,Completed,1.2,4.5,1.26,4.25,1.26,5.0,1.22,4.34
WTA,2020,6,Melbourne,Australian Open,2020-01-20,Grand Slam,Outdoor,Hard,1st Round,3,Cirstea S.,Strycova B.,74.0,34.0,795.0,1516.0,6.0,2.0,7.0,6.0,,,2.0,0.0,Completed,2.0,1.8,2.26,1.71,2.26,1.84,2.13,1.72
WTA,2020,6,Melbourne,Australian Open,2020-01-20,Grand Slam,Outdoor,Hard,1st Round,3,Krejcikova B.,Kanepi K.,128.0,101.0,489.0,671.0,7.0,6.0,2.0,6.0,6.0,3.0,2.0,1.0,Completed,2.0,1.8,2.13,1.79,2.16,1.84,2.05,1.77
WTA,2020,6,Melbourne,Australian Open,2020-01-20,Grand Slam,Outdoor,Hard,1st Round,3,Li A.,Cabrera L.,142.0,121.0,423.0,538.0,7.0,6.0,7.0,6.0,,,2.0,0.0,Completed,1.66,2.2,1.58,2.53,1.83,2.53,1.64,2.27
WTA,2020,6,Melbourne,Australian Open,2020-01-20,Grand Slam,Outdoor,Hard,1st Round,3,Williams S.,Potapova A.,9.0,90.0,4215.0,711.0,6.0,0.0,6.0,3.0,,,2.0,0.0,Completed,1.04,13.0,1.04,14.55,1.06,16.5,1.04,11.86
WTA,2020,6,Melbourne,Australian Open,2020-01-20,Grand Slam,Outdoor,Hard,1st Round,3,Wozniacki C.,Ahn K.,36.0,92.0,1463.0,707.0,6.0,1.0,6.0,3.0,,,2.0,0.0,Completed,1.2,4.5,1.2,5.12,1.22,5.12,1.2,4.62
WTA,2020,6,Melbourne,Australian Open,2020-01-20,Grand Slam,Outdoor,Hard,1st Round,3,Zidansek T.,Han N.L.,70.0,179.0,880.0,344.0,6.0,3.0,6.0,3.0,,,2.0,0.0,Completed,1.61,2.3,1.61,2.45,1.65,2.47,1.59,2.36
WTA,2020,6,Melbourne,Australian Open,2020-01-20,Grand Slam,Outdoor,Hard,1st Round,3,Kvitova P.,Siniakova K.,8.0,57.0,4436.0,996.0,6.0,1.0,6.0,0.0,,,2.0,0.0,Completed,1.16,5.0,1.17,5.64,1.19,5.7,1.16,5.23
WTA,2020,6,Melbourne,Australian Open,2020-01-20,Grand Slam,Outdoor,Hard,1st Round,3,Gauff C.,Williams V.,67.0,55.0,885.0,1019.0,7.0,6.0,6.0,3.0,,,2.0,0.0,Completed,1.57,2.37,1.69,2.28,1.69,2.44,1.62,2.29
WTA,2020,6,Melbourne,Australian Open,2020-01-20,Grand Slam,Outdoor,Hard,1st Round,3,Mcnally C.,Stosur S.,116.0,99.0,552.0,683.0,6.0,1.0,6.0,4.0,,,2.0,0.0,Completed,1.4,3.0,1.47,2.89,1.52,3.0,1.44,2.8
WTA,2020,6,Melbourne,Australian Open,2020-01-20,Grand Slam,Outdoor,Hard,1st Round,3,Barty A.,Tsurenko L.,1.0,120.0,8017.0,538.0,5.0,7.0,6.0,1.0,6.0,1.0,2.0,1.0,Completed,1.06,10.0,1.04,13.93,1.1,14.5,1.05,10.86
WTA,2020,6,Melbourne,Australian Open,2020-01-20,Grand Slam,Outdoor,Hard,1st Round,3,Zhang S.,Stephens S.,35.0,27.0,1505.0,1683.0,2.0,6.0,7.0,5.0,6.0,2.0,2.0,1.0,Completed,1.57,2.37,1.64,2.38,1.67,2.42,1.61,2.31
WTA,2020,6,Melbourne,Australian Open,2020-01-21,Grand Slam,Outdoor,Hard,1st Round,3,Garcia C.,Brengle M.,46.0,95.0,1235.0,691.0,6.0,7.0,6.0,2.0,6.0,2.0,2.0,1.0,Completed,1.53,2.5,1.58,2.52,1.62,2.52,1.55,2.43
WTA,2020,6,Melbourne,Australian Open,2020-01-21,Grand Slam,Outdoor,Hard,1st Round,3,Ferro F.,Van Uytvanck A.,63.0,47.0,944.0,1175.0,6.0,2.0,6.0,1.0,,,2.0,0.0,Completed,2.5,1.53,2.48,1.6,2.75,1.61,2.46,1.55
WTA,2020,6,Melbourne,Australian Open,2020-01-21,Grand Slam,Outdoor,Hard,1st Round,3,Sakkari M.,Gasparyan M.,23.0,100.0,1845.0,678.0,6.0,2.0,6.0,2.0,,,2.0,0.0,Completed,1.4,3.0,1.44,2.97,1.47,3.2,1.4,2.94
WTA,2020,6,Melbourne,Australian Open,2020-01-21,Grand Slam,Outdoor,Hard,1st Round,3,Hibino N.,Peng S.,103.0,104.0,645.0,642.0,4.0,6.0,7.0,6.0,6.0,3.0,2.0,1.0,Completed,2.37,1.57,2.38,1.64,2.49,1.67,2.36,1.59
WTA,2020,6,Melbourne,Australian Open,2020-01-21,Grand Slam,Outdoor,Hard,1st Round,3,Yastremska D.,Juvan K.,21.0,127.0,2070.0,490.0,6.0,1.0,6.0,1.0,,,2.0,0.0,Completed,1.28,3.75,1.29,3.9,1.33,4.05,1.29,3.59
WTA,2020,6,Melbourne,Australian Open,2020-01-21,Grand Slam,Outdoor,Hard,1st Round,3,Jabeur O.,Konta J.,78.0,13.0,770.0,2813.0,6.0,4.0,6.0,2.0,,,2.0,0.0,Completed,2.2,1.66,2.3,1.68,2.36,1.69,2.25,1.64
WTA,2020,6,Melbourne,Australian Open,2020-01-21,Grand Slam,Outdoor,Hard,1st Round,3,Bencic B.,Schmiedlova A.K.,7.0,203.0,4675.0,293.0,6.0,3.0,7.0,5.0,,,2.0,0.0,Completed,1.12,6.0,1.13,6.93,1.14,7.45,1.12,6.39
WTA,2020,6,Melbourne,Australian Open,2020-01-21,Grand Slam,Outdoor,Hard,1st Round,3,Hercog P.,Peterson R.,48.0,44.0,1145.0,1275.0,6.0,3.0,6.0,3.0,,,2.0,0.0,Completed,2.3,1.61,2.4,1.63,2.42,1.65,2.32,1.61
WTA,2020,6,Melbourne,Australian Open,2020-01-21,Grand Slam,Outdoor,Hard,1st Round,3,Pliskova Ka.,Mladenovic K.,2.0,41.0,5940.0,1360.0,6.0,1.0,7.0,5.0,,,2.0,0.0,Completed,1.22,4.33,1.23,4.6,1.27,4.85,1.22,4.29
WTA,2020,6,Melbourne,Australian Open,2020-01-21,Grand Slam,Outdoor,Hard,1st Round,3,Riske A.,Wang Yaf.,19.0,51.0,2130.0,1105.0,7.0,6.0,2.0,6.0,6.0,3.0,2.0,1.0,Completed,1.61,2.3,1.65,2.36,1.7,2.38,1.63,2.29
WTA,2020,6,Melbourne,Australian Open,2020-01-21,Grand Slam,Outdoor,Hard,1st Round,3,Keys M.,Kasatkina D.,11.0,69.0,3072.0,880.0,6.0,3.0,6.0,1.0,,,2.0,0.0,Completed,1.16,5.0,1.19,5.3,1.26,5.35,1.19,4.78
WTA,2020,6,Melbourne,Australian Open,2020-01-21,Grand Slam,Outdoor,Hard,1st Round,3,Rus A.,Linette M.,93.0,43.0,701.0,1302.0,1.0,6.0,6.0,3.0,6.0,4.0,2.0,1.0,Completed,2.75,1.44,2.97,1.44,3.07,1.48,2.79,1.44
WTA,2020,6,Melbourne,Australian Open,2020-01-21,Grand Slam,Outdoor,Hard,1st Round,3,Vekic D.,Sharapova M.,20.0,145.0,2120.0,407.0,6.0,3.0,6.0,4.0,,,2.0,0.0,Completed,1.66,2.2,1.7,2.26,1.71,2.4,1.63,2.27
WTA,2020,6,Melbourne,Australian Open,2020-01-21,Grand Slam,Outdoor,Hard,1st Round,3,Rybakina E.,Pera B.,26.0,65.0,1816.0,925.0,6.0,3.0,6.0,2.0,,,2.0,0.0,Completed,1.57,2.37,1.57,2.54,1.67,2.54,1.58,2.38
WTA,2020,6,Melbourne,Australian Open,2020-01-21,Grand Slam,Outdoor,Hard,1st Round,3,Wang Q.,Parmentier P.,29.0,133.0,1593.0,457.0,7.0,6.0,6.0,3.0,,,2.0,0.0,Completed,1.12,6.0,1.13,6.88,1.15,7.0,1.12,6.22
WTA,2020,6,Melbourne,Australian Open,2020-01-21,Grand Slam,Outdoor,Hard,1st Round,3,Minnen G.,Sasnovich A.,119.0,94.0,539.0,697.0,7.0,6.0,4.0,6.0,7.0,5.0,2.0,1.0,Completed,2.2,1.66,2.17,1.76,2.23,1.77,2.15,1.7
WTA,2020,6,Melbourne,Australian Open,2020-01-21,Grand Slam,Outdoor,Hard,1st Round,3,Ostapenko J.,Samsonova L.,45.0,118.0,1250.0,542.0,6.0,1.0,6.0,4.0,,,2.0,0.0,Completed,1.9,1.9,1.91,1.98,2.03,2.0,1.92,1.88
WTA,2020,6,Melbourne,Australian Open,2020-01-21,Grand Slam,Outdoor,Hard,1st Round,3,Tomljanovic A.,Sevastova A.,52.0,33.0,1095.0,1518.0,6.0,1.0,6.0,1.0,,,2.0,0.0,Completed,1.9,1.9,1.91,1.98,1.95,2.0,1.89,1.9
WTA,2020,6,Melbourne,Australian Open,2020-01-21,Grand Slam,Outdoor,Hard,1st Round,3,Diyas Z.,Anisimova A.,73.0,24.0,835.0,1843.0,6.0,3.0,4.0,6.0,6.0,3.0,2.0,1.0,Completed,3.0,1.4,2.98,1.44,3.15,1.44,2.89,1.41
WTA,2020,6,Melbourne,Australian Open,2020-01-21,Grand Slam,Outdoor,Hard,1st Round,3,Davis L.,Fernandez L.A.,62.0,207.0,949.0,286.0,6.0,4.0,6.0,2.0,,,2.0,0.0,Completed,1.5,2.62,1.56,2.58,1.56,3.1,1.47,2.69
WTA,2020,6,Melbourne,Australian Open,2020-01-21,Grand Slam,Outdoor,Hard,1st Round,3,Giorgi C.,Lottner A.,102.0,156.0,654.0,375.0,6.0,3.0,6.0,3.0,,,2.0,0.0,Completed,1.44,2.75,1.43,3.02,1.47,3.05,1.42,2.85
WTA,2020,6,Melbourne,Australian Open,2020-01-21,Grand Slam,Outdoor,Hard,1st Round,3,Muguruza G.,Rogers S.,32.0,155.0,1526.0,380.0,0.0,6.0,6.0,1.0,6.0,0.0,2.0,1.0,Completed,1.66,2.2,1.56,2.58,1.66,2.63,1.57,2.41
WTA,2020,6,Melbourne,Australian Open,2020-01-21,Grand Slam,Outdoor,Hard,1st Round,3,Muchova K.,Flipkens K.,22.0,81.0,1847.0,760.0,6.0,3.0,2.0,6.0,7.0,6.0,2.0,1.0,Completed,1.3,3.5,1.31,3.79,1.37,3.8,1.3,3.52
WTA,2020,6,Melbourne,Australian Open,2020-01-21,Grand Slam,Outdoor,Hard,1st Round,3,Putintseva Y.,Hsieh S.W.,38.0,37.0,1415.0,1450.0,6.0,1.0,6.0,3.0,,,2.0,0.0,Completed,1.9,1.9,1.89,2.0,1.92,2.07,1.83,1.97
WTA,2020,6,Melbourne,Australian Open,2020-01-21,Grand Slam,Outdoor,Hard,1st Round,3,Siegemund L.,Vandeweghe C.,72.0,226.0,845.0,266.0,6.0,1.0,6.0,4.0,,,2.0,0.0,Completed,1.72,2.1,1.85,2.04,1.87,2.13,1.79,2.02
WTA,2020,6,Melbourne,Australian Open,2020-01-21,Grand Slam,Outdoor,Hard,1st Round,3,Svitolina E.,Boulter K.,5.0,315.0,5075.0,170.0,6.0,4.0,7.0,5.0,,,2.0,0.0,Completed,1.06,10.0,1.07,10.83,1.08,16.0,1.05,10.48
WTA,2020,6,Melbourne,Australian Open,2020-01-21,Grand Slam,Outdoor,Hard,1st Round,3,Bellis C.,Maria T.,600.0,87.0,50.0,729.0,6.0,0.0,6.0,2.0,,,2.0,0.0,Completed,1.28,3.75,1.35,3.44,1.35,3.95,1.3,3.53
WTA,2020,6,Melbourne,Australian Open,2020-01-21,Grand Slam,Outdoor,Hard,1st Round,3,Bertens K.,Begu I.,10.0,105.0,4165.0,627.0,6.0,1.0,6.0,4.0,,,2.0,0.0,Completed,1.14,5.5,1.15,6.14,1.16,6.25,1.14,5.61
WTA,2020,6,Melbourne,Australian Open,2020-01-21,Grand Slam,Outdoor,Hard,1st Round,3,Rodionova Ar.,Bondarenko K.,163.0,535.0,366.0,66.0,3.0,6.0,7.0,6.0,6.0,0.0,2.0,1.0,Completed,2.0,1.8,2.08,1.83,2.08,1.91,1.98,1.82
WTA,2020,6,Melbourne,Australian Open,2020-01-21,Grand Slam,Outdoor,Hard,1st Round,3,Halep S.,Brady J.,3.0,49.0,5561.0,1143.0,7.0,6.0,6.0,1.0,,,2.0,0.0,Completed,1.4,3.0,1.45,2.94,1.47,3.17,1.42,2.87
WTA,2020,6,Melbourne,Australian Open,2020-01-21,Grand Slam,Outdoor,Hard,1st Round,3,Collins D.,Diatchenko V.,25.0,89.0,1825.0,719.0,6.0,1.0,3.0,6.0,6.0,4.0,2.0,1.0,Completed,1.14,5.5,1.15,6.36,1.16,6.5,1.13,6.03
WTA,2020,6,Melbourne,Australian Open,2020-01-21,Grand Slam,Outdoor,Hard,1st Round,3,Blinkova A.,Paolini J.,58.0,96.0,989.0,691.0,7.0,5.0,6.0,4.0,,,2.0,0.0,Completed,1.28,3.75,1.26,4.21,1.47,4.21,1.26,3.84
WTA,2020,6,Melbourne,Australian Open,2020-01-21,Grand Slam,Outdoor,Hard,1st Round,3,Cornet A.,Niculescu M.,61.0,129.0,965.0,488.0,5.0,7.0,6.0,1.0,6.0,0.0,2.0,1.0,Completed,1.66,2.2,1.75,2.19,1.75,2.25,1.7,2.15
WTA,2020,6,Melbourne,Australian Open,2020-01-21,Grand Slam,Outdoor,Hard,1st Round,3,Dart H.,Doi M.,173.0,82.0,353.0,754.0,2.0,6.0,6.0,4.0,7.0,6.0,2.0,1.0,Completed,1.66,2.2,1.65,2.36,1.73,2.36,1.65,2.24
WTA,2020,6,Melbourne,Australian Open,2020-01-21,Grand Slam,Outdoor,Hard,1st Round,3,Kuznetsova S.,Vondrousova M.,53.0,16.0,1053.0,2490.0,6.0,2.0,4.0,6.0,6.0,4.0,2.0,1.0,Completed,3.5,1.3,3.43,1.36,3.9,1.36,3.4,1.32
WTA,2020,6,Melbourne,Australian Open,2020-01-21,Grand Slam,Outdoor,Hard,1st Round,3,Kerber A.,Cocciaretto E.,18.0,175.0,2175.0,351.0,6.0,2.0,6.0,2.0,,,2.0,0.0,Completed,1.3,3.5,1.31,3.77,1.35,3.77,1.31,3.45
WTA,2020,6,Melbourne,Australian Open,2020-01-21,Grand Slam,Outdoor,Hard,1st Round,3,Hon P.,Kozlova K.,139.0,83.0,428.0,746.0,6.0,3.0,6.0,4.0,,,2.0,0.0,Completed,2.62,1.5,2.6,1.55,2.66,1.57,2.55,1.52
WTA,2020,6,Melbourne,Australian Open,2020-01-22,Grand Slam,Outdoor,Hard,1st Round,3,Pavlyuchenkova A.,Stojanovic N.,30.0,85.0,1585.0,736.0,6.0,1.0,7.0,5.0,,,2.0,0.0,Completed,1.36,3.2,1.33,3.58,1.38,4.0,1.33,3.35
WTA,2020,6,Melbourne,Australian Open,2020-01-22,Grand Slam,Outdoor,Hard,1st Round,3,Watson H.,Pliskova Kr.,75.0,64.0,784.0,940.0,4.0,6.0,6.0,3.0,6.0,1.0,2.0,1.0,Completed,1.9,1.9,1.96,1.93,1.96,2.0,1.9,1.9
WTA,2020,6,Melbourne,Australian Open,2020-01-22,Grand Slam,Outdoor,Hard,1st Round,3,Kontaveit A.,Sharma A.,31.0,111.0,1575.0,597.0,6.0,0.0,6.0,2.0,,,2.0,0.0,Completed,1.3,3.5,1.28,3.99,1.33,4.2,1.26,3.82
WTA,2020,6,Melbourne,Australian Open,2020-01-22,Grand Slam,Outdoor,Hard,1st Round,3,Sorribes Tormo S.,Kudermetova V.,91.0,40.0,708.0,1383.0,2.0,6.0,6.0,1.0,6.0,1.0,2.0,1.0,Completed,3.2,1.36,3.48,1.35,3.5,1.4,3.2,1.35
WTA,2020,6,Melbourne,Australian Open,2020-01-22,Grand Slam,Outdoor,Hard,1st Round,3,Suarez Navarro C.,Sabalenka A.,54.0,12.0,1048.0,3025.0,7.0,6.0,7.0,6.0,,,2.0,0.0,Completed,4.33,1.22,4.48,1.24,5.05,1.28,4.36,1.21
WTA,2020,6,Melbourne,Australian Open,2020-01-22,Grand Slam,Outdoor,Hard,1st Round,3,Swiatek I.,Babos T.,56.0,88.0,997.0,720.0,6.0,3.0,6.0,2.0,,,2.0,0.0,Completed,1.57,2.37,1.65,2.35,1.7,2.5,1.62,2.29
WTA,2020,6,Melbourne,Australian Open,2020-01-22,Grand Slam,Outdoor,Hard,1st Round,3,Townsend T.,Pegula J.,79.0,66.0,761.0,910.0,6.0,4.0,7.0,6.0,,,2.0,0.0,Completed,2.3,1.61,2.4,1.63,2.4,1.74,2.22,1.66
WTA,2020,6,Melbourne,Australian Open,2020-01-22,Grand Slam,Outdoor,Hard,1st Round,3,Mertens E.,Kovinic D.,17.0,86.0,2250.0,734.0,6.0,2.0,6.0,0.0,,,2.0,0.0,Completed,1.14,5.5,1.13,7.11,1.16,7.95,1.12,6.48
WTA,2020,6,Melbourne,Australian Open,2020-01-22,Grand Slam,Outdoor,Hard,2nd Round,3,Kenin S.,Li A.,15.0,142.0,2565.0,423.0,6.0,1.0,6.0,3.0,,,2.0,0.0,Completed,1.2,4.5,1.22,4.74,1.23,5.05,1.2,4.53
WTA,2020,6,Melbourne,Australian Open,2020-01-22,Grand Slam,Outdoor,Hard,2nd Round,3,Goerges J.,Martic P.,39.0,14.0,1415.0,2646.0,4.0,6.0,6.0,3.0,7.0,5.0,2.0,1.0,Completed,1.9,1.9,1.86,2.03,1.91,2.15,1.83,1.98
WTA,2020,6,Melbourne,Australian Open,2020-01-22,Grand Slam,Outdoor,Hard,2nd Round,3,Osaka N.,Zheng S.,4.0,42.0,5496.0,1350.0,6.0,2.0,6.0,4.0,,,2.0,0.0,Completed,1.12,6.0,1.15,6.15,1.17,6.55,1.14,5.65
WTA,2020,6,Melbourne,Australian Open,2020-01-22,Grand Slam,Outdoor,Hard,2nd Round,3,Kvitova P.,Badosa P.,8.0,97.0,4436.0,687.0,7.0,5.0,7.0,5.0,,,2.0,0.0,Completed,1.05,11.0,1.04,14.43,1.05,16.5,1.04,11.77
WTA,2020,6,Melbourne,Australian Open,2020-01-22,Grand Slam,Outdoor,Hard,2nd Round,3,Zhang S.,Mcnally C.,35.0,116.0,1505.0,552.0,6.0,2.0,6.0,4.0,,,2.0,0.0,Completed,1.5,2.62,1.56,2.56,1.61,2.67,1.55,2.46
WTA,2020,6,Melbourne,Australian Open,2020-01-22,Grand Slam,Outdoor,Hard,2nd Round,3,Alexandrova E.,Krejcikova B.,28.0,128.0,1645.0,489.0,6.0,1.0,6.0,3.0,,,2.0,0.0,Completed,1.22,4.33,1.28,4.04,1.32,4.4,1.26,3.86
WTA,2020,6,Melbourne,Australian Open,2020-01-22,Grand Slam,Outdoor,Hard,2nd Round,3,Riske A.,Zhu L.,19.0,71.0,2130.0,850.0,6.0,3.0,6.0,1.0,,,2.0,0.0,Completed,1.53,2.5,1.51,2.73,1.58,2.75,1.52,2.54
WTA,2020,6,Melbourne,Australian Open,2020-01-22,Grand Slam,Outdoor,Hard,2nd Round,3,Wozniacki C.,Yastremska D.,36.0,21.0,1463.0,2070.0,7.0,5.0,7.0,5.0,,,2.0,0.0,Completed,2.2,1.66,2.09,1.81,2.38,1.83,2.14,1.71
WTA,2020,6,Melbourne,Australian Open,2020-01-22,Grand Slam,Outdoor,Hard,2nd Round,3,Barty A.,Hercog P.,1.0,48.0,8017.0,1145.0,6.0,1.0,6.0,4.0,,,2.0,0.0,Completed,1.1,7.0,1.11,7.79,1.13,8.5,1.1,6.96
WTA,2020,6,Melbourne,Australian Open,2020-01-22,Grand Slam,Outdoor,Hard,2nd Round,3,Jabeur O.,Garcia C.,78.0,46.0,770.0,1235.0,1.0,6.0,6.0,2.0,6.0,3.0,2.0,1.0,Completed,1.57,2.37,1.56,2.57,1.69,2.6,1.57,2.4
WTA,2020,6,Melbourne,Australian Open,2020-01-22,Grand Slam,Outdoor,Hard,2nd Round,3,Gauff C.,Cirstea S.,67.0,74.0,885.0,795.0,4.0,6.0,6.0,3.0,7.0,5.0,2.0,1.0,Completed,1.61,2.3,1.55,2.61,1.66,2.61,1.57,2.4
WTA,2020,6,Melbourne,Australian Open,2020-01-22,Grand Slam,Outdoor,Hard,2nd Round,3,Rybakina E.,Minnen G.,26.0,119.0,1816.0,539.0,6.0,3.0,6.0,4.0,,,2.0,0.0,Completed,1.36,3.2,1.4,3.17,1.45,3.3,1.38,3.03
WTA,2020,6,Melbourne,Australian Open,2020-01-22,Grand Slam,Outdoor,Hard,2nd Round,3,Wang Q.,Ferro F.,29.0,63.0,1593.0,944.0,6.0,1.0,6.0,2.0,,,2.0,0.0,Completed,1.22,4.33,1.25,4.32,1.35,4.5,1.25,3.99
WTA,2020,6,Melbourne,Australian Open,2020-01-22,Grand Slam,Outdoor,Hard,2nd Round,3,Sakkari M.,Hibino N.,23.0,103.0,1845.0,645.0,7.0,6.0,6.0,4.0,,,2.0,0.0,Completed,1.2,4.5,1.21,4.93,1.28,5.0,1.21,4.41
WTA,2020,6,Melbourne,Australian Open,2020-01-22,Grand Slam,Outdoor,Hard,2nd Round,3,Williams S.,Zidansek T.,9.0,70.0,4215.0,880.0,6.0,2.0,6.0,3.0,,,2.0,0.0,Completed,1.02,19.0,1.02,20.36,1.04,25.0,1.01,16.91
WTA,2020,6,Melbourne,Australian Open,2020-01-22,Grand Slam,Outdoor,Hard,2nd Round,3,Keys M.,Rus A.,11.0,93.0,3072.0,701.0,7.0,6.0,6.0,2.0,,,2.0,0.0,Completed,1.07,9.0,1.06,11.42,1.07,14.5,1.05,10.29
WTA,2020,6,Melbourne,Australian Open,2020-01-23,Grand Slam,Outdoor,Hard,2nd Round,3,Bencic B.,Ostapenko J.,7.0,45.0,4675.0,1250.0,7.0,5.0,7.0,5.0,,,2.0,0.0,Completed,1.44,2.75,1.44,2.97,1.55,3.0,1.44,2.8
WTA,2020,6,Melbourne,Australian Open,2020-01-23,Grand Slam,Outdoor,Hard,2nd Round,3,Vekic D.,Cornet A.,20.0,61.0,2120.0,965.0,6.0,4.0,6.0,2.0,,,2.0,0.0,Completed,1.44,2.75,1.46,2.91,1.5,3.05,1.45,2.77
WTA,2020,6,Melbourne,Australian Open,2020-01-23,Grand Slam,Outdoor,Hard,2nd Round,3,Muguruza G.,Tomljanovic A.,32.0,52.0,1526.0,1095.0,6.0,3.0,3.0,6.0,6.0,3.0,2.0,1.0,Completed,1.72,2.1,1.75,2.19,1.77,2.23,1.73,2.11
WTA,2020,6,Melbourne,Australian Open,2020-01-23,Grand Slam,Outdoor,Hard,2nd Round,3,Diyas Z.,Blinkova A.,73.0,58.0,835.0,989.0,4.0,6.0,6.0,3.0,6.0,4.0,2.0,1.0,Completed,1.61,2.3,1.57,2.54,1.65,2.57,1.55,2.45
WTA,2020,6,Melbourne,Australian Open,2020-01-23,Grand Slam,Outdoor,Hard,2nd Round,3,Pliskova Ka.,Siegemund L.,2.0,72.0,5940.0,845.0,6.0,3.0,6.0,3.0,,,2.0,0.0,Completed,1.14,5.5,1.11,7.94,1.16,7.94,1.13,5.93
WTA,2020,6,Melbourne,Australian Open,2020-01-23,Grand Slam,Outdoor,Hard,2nd Round,3,Bellis C.,Muchova K.,600.0,22.0,50.0,1847.0,6.0,4.0,6.0,4.0,,,2.0,0.0,Completed,2.3,1.61,2.63,1.54,2.63,1.65,2.45,1.55
WTA,2020,6,Melbourne,Australian Open,2020-01-23,Grand Slam,Outdoor,Hard,2nd Round,3,Kerber A.,Hon P.,18.0,139.0,2175.0,428.0,6.0,3.0,6.0,2.0,,,2.0,0.0,Completed,1.2,4.5,1.2,5.09,1.24,5.25,1.2,4.58
WTA,2020,6,Melbourne,Australian Open,2020-01-23,Grand Slam,Outdoor,Hard,2nd Round,3,Mertens E.,Watson H.,17.0,75.0,2250.0,784.0,6.0,3.0,6.0,0.0,,,2.0,0.0,Completed,1.25,4.0,1.28,4.01,1.31,4.05,1.27,3.74
WTA,2020,6,Melbourne,Australian Open,2020-01-23,Grand Slam,Outdoor,Hard,2nd Round,3,Bertens K.,Rodionova Ar.,10.0,163.0,4165.0,366.0,6.0,3.0,7.0,5.0,,,2.0,0.0,Completed,1.07,9.0,1.08,9.7,1.11,10.2,1.07,8.52
WTA,2020,6,Melbourne,Australian Open,2020-01-23,Grand Slam,Outdoor,Hard,2nd Round,3,Kontaveit A.,Sorribes Tormo S.,31.0,91.0,1575.0,708.0,6.0,2.0,4.0,6.0,6.0,1.0,2.0,1.0,Completed,1.16,5.0,1.19,5.25,1.22,5.35,1.19,4.67
WTA,2020,6,Melbourne,Australian Open,2020-01-23,Grand Slam,Outdoor,Hard,2nd Round,3,Swiatek I.,Suarez Navarro C.,56.0,54.0,997.0,1048.0,6.0,3.0,7.0,5.0,,,2.0,0.0,Completed,1.57,2.37,1.58,2.52,1.62,2.66,1.55,2.44
WTA,2020,6,Melbourne,Australian Open,2020-01-23,Grand Slam,Outdoor,Hard,2nd Round,3,Pavlyuchenkova A.,Townsend T.,30.0,79.0,1585.0,761.0,7.0,5.0,7.0,6.0,,,2.0,0.0,Completed,1.44,2.75,1.41,3.13,1.5,3.77,1.4,2.96
WTA,2020,6,Melbourne,Australian Open,2020-01-23,Grand Slam,Outdoor,Hard,2nd Round,3,Halep S.,Dart H.,3.0,173.0,5561.0,353.0,6.0,2.0,6.0,4.0,,,2.0,0.0,Completed,1.08,8.0,1.06,11.76,1.11,11.76,1.07,8.72
WTA,2020,6,Melbourne,Australian Open,2020-01-23,Grand Slam,Outdoor,Hard,2nd Round,3,Giorgi C.,Kuznetsova S.,102.0,53.0,654.0,1053.0,6.0,3.0,6.0,1.0,,,2.0,0.0,Completed,2.2,1.66,2.09,1.81,2.27,1.81,2.11,1.73
WTA,2020,6,Melbourne,Australian Open,2020-01-23,Grand Slam,Outdoor,Hard,2nd Round,3,Putintseva Y.,Collins D.,38.0,25.0,1415.0,1825.0,6.0,4.0,2.0,6.0,7.0,5.0,2.0,1.0,Completed,2.75,1.44,2.69,1.52,2.82,1.52,2.65,1.48
WTA,2020,6,Melbourne,Australian Open,2020-01-23,Grand Slam,Outdoor,Hard,2nd Round,3,Svitolina E.,Davis L.,5.0,62.0,5075.0,949.0,6.0,2.0,7.0,6.0,,,2.0,0.0,Completed,1.16,5.0,1.19,5.37,1.2,5.5,1.17,4.97
WTA,2020,6,Melbourne,Australian Open,2020-01-24,Grand Slam,Outdoor,Hard,3rd Round,3,Barty A.,Rybakina E.,1.0,26.0,8017.0,1816.0,6.0,3.0,6.0,2.0,,,2.0,0.0,Completed,1.25,4.0,1.25,4.39,1.29,4.5,1.24,4.03
WTA,2020,6,Melbourne,Australian Open,2020-01-24,Grand Slam,Outdoor,Hard,3rd Round,3,Jabeur O.,Wozniacki C.,78.0,36.0,770.0,1463.0,7.0,5.0,3.0,6.0,7.0,5.0,2.0,1.0,Completed,3.0,1.4,3.22,1.39,3.27,1.48,3.07,1.38
WTA,2020,6,Melbourne,Australian Open,2020-01-24,Grand Slam,Outdoor,Hard,3rd Round,3,Wang Q.,Williams S.,29.0,9.0,1593.0,4215.0,6.0,4.0,6.0,7.0,7.0,5.0,2.0,1.0,Completed,7.0,1.1,8.72,1.09,9.3,1.11,7.49,1.09
WTA,2020,6,Melbourne,Australian Open,2020-01-24,Grand Slam,Outdoor,Hard,3rd Round,3,Kvitova P.,Alexandrova E.,8.0,28.0,4436.0,1645.0,6.0,1.0,6.0,2.0,,,2.0,0.0,Completed,1.5,2.62,1.47,2.88,1.57,2.88,1.49,2.64
WTA,2020,6,Melbourne,Australian Open,2020-01-24,Grand Slam,Outdoor,Hard,3rd Round,3,Sakkari M.,Keys M.,23.0,11.0,1845.0,3072.0,6.0,4.0,6.0,4.0,,,2.0,0.0,Completed,3.0,1.4,3.2,1.4,3.25,1.42,3.06,1.37
WTA,2020,6,Melbourne,Australian Open,2020-01-24,Grand Slam,Outdoor,Hard,3rd Round,3,Riske A.,Goerges J.,19.0,39.0,2130.0,1415.0,1.0,6.0,7.0,6.0,6.0,2.0,2.0,1.0,Completed,2.0,1.8,2.25,1.71,2.25,1.85,2.05,1.77
WTA,2020,6,Melbourne,Australian Open,2020-01-24,Grand Slam,Outdoor,Hard,3rd Round,3,Gauff C.,Osaka N.,67.0,4.0,885.0,5496.0,6.0,3.0,6.0,4.0,,,2.0,0.0,Completed,5.0,1.16,6.06,1.16,6.06,1.2,5.34,1.15
WTA,2020,6,Melbourne,Australian Open,2020-01-24,Grand Slam,Outdoor,Hard,3rd Round,3,Kenin S.,Zhang S.,15.0,35.0,2565.0,1505.0,7.0,5.0,7.0,6.0,,,2.0,0.0,Completed,1.53,2.5,1.59,2.49,1.59,2.57,1.54,2.46
WTA,2020,6,Melbourne,Australian Open,2020-01-25,Grand Slam,Outdoor,Hard,3rd Round,3,Kerber A.,Giorgi C.,18.0,102.0,2175.0,654.0,6.0,2.0,6.0,7.0,6.0,3.0,2.0,1.0,Completed,1.57,2.37,1.61,2.45,1.65,2.5,1.6,2.34
WTA,2020,6,Melbourne,Australian Open,2020-01-25,Grand Slam,Outdoor,Hard,3rd Round,3,Pavlyuchenkova A.,Pliskova Ka.,30.0,2.0,1585.0,5940.0,7.0,6.0,7.0,6.0,,,2.0,0.0,Completed,3.5,1.3,4.39,1.25,4.44,1.33,3.81,1.27
WTA,2020,6,Melbourne,Australian Open,2020-01-25,Grand Slam,Outdoor,Hard,3rd Round,3,Swiatek I.,Vekic D.,56.0,20.0,997.0,2120.0,7.0,5.0,6.0,3.0,,,2.0,0.0,Completed,2.3,1.61,2.34,1.66,2.45,1.83,2.27,1.64
WTA,2020,6,Melbourne,Australian Open,2020-01-25,Grand Slam,Outdoor,Hard,3rd Round,3,Kontaveit A.,Bencic B.,31.0,7.0,1575.0,4675.0,6.0,0.0,6.0,1.0,,,2.0,0.0,Completed,2.2,1.66,2.07,1.83,2.27,1.83,2.15,1.71
WTA,2020,6,Melbourne,Australian Open,2020-01-25,Grand Slam,Outdoor,Hard,3rd Round,3,Halep S.,Putintseva Y.,3.0,38.0,5561.0,1415.0,6.0,1.0,6.0,4.0,,,2.0,0.0,Completed,1.4,3.0,1.41,3.14,1.42,3.3,1.39,3.02
WTA,2020,6,Melbourne,Australian Open,2020-01-25,Grand Slam,Outdoor,Hard,3rd Round,3,Mertens E.,Bellis C.,17.0,600.0,2250.0,50.0,6.0,1.0,6.0,7.0,6.0,0.0,2.0,1.0,Completed,1.36,3.2,1.35,3.48,1.42,3.6,1.36,3.2
WTA,2020,6,Melbourne,Australian Open,2020-01-25,Grand Slam,Outdoor,Hard,3rd Round,3,Muguruza G.,Svitolina E.,32.0,5.0,1526.0,5075.0,6.0,1.0,6.0,2.0,,,2.0,0.0,Completed,2.62,1.5,2.78,1.5,2.78,1.57,2.6,1.5
WTA,2020,6,Melbourne,Australian Open,2020-01-25,Grand Slam,Outdoor,Hard,3rd Round,3,Bertens K.,Diyas Z.,10.0,73.0,4165.0,835.0,6.0,2.0,7.0,6.0,,,2.0,0.0,Completed,1.5,2.62,1.56,2.59,1.59,2.7,1.51,2.58
WTA,2020,6,Melbourne,Australian Open,2020-01-26,Grand Slam,Outdoor,Hard,4th Round,3,Kvitova P.,Sakkari M.,8.0,23.0,4436.0,1845.0,6.0,7.0,6.0,3.0,6.0,2.0,2.0,1.0,Completed,1.4,3.0,1.4,3.21,1.44,3.32,1.39,3.0
WTA,2020,6,Melbourne,Australian Open,2020-01-26,Grand Slam,Outdoor,Hard,4th Round,3,Kenin S.,Gauff C.,15.0,67.0,2565.0,885.0,6.0,7.0,6.0,3.0,6.0,0.0,2.0,1.0,Completed,1.61,2.3,1.6,2.5,1.73,2.5,1.64,2.27
WTA,2020,6,Melbourne,Australian Open,2020-01-26,Grand Slam,Outdoor,Hard,4th Round,3,Jabeur O.,Wang Q.,78.0,29.0,770.0,1593.0,7.0,6.0,6.0,1.0,,,2.0,0.0,Completed,2.62,1.5,2.63,1.55,2.7,1.57,2.57,1.51
WTA,2020,6,Melbourne,Australian Open,2020-01-26,Grand Slam,Outdoor,Hard,4th Round,3,Barty A.,Riske A.,1.0,19.0,8017.0,2130.0,6.0,3.0,1.0,6.0,6.0,4.0,2.0,1.0,Completed,1.22,4.33,1.25,4.49,1.27,4.49,1.23,4.19
WTA,2020,6,Melbourne,Australian Open,2020-01-27,Grand Slam,Outdoor,Hard,4th Round,3,Halep S.,Mertens E.,3.0,17.0,5561.0,2250.0,6.0,4.0,6.0,4.0,,,2.0,0.0,Completed,1.53,2.5,1.65,2.39,1.66,2.63,1.58,2.38
WTA,2020,6,Melbourne,Australian Open,2020-01-27,Grand Slam,Outdoor,Hard,4th Round,3,Kontaveit A.,Swiatek I.,31.0,56.0,1575.0,997.0,6.0,7.0,7.0,5.0,7.0,5.0,2.0,1.0,Completed,1.61,2.3,1.66,2.36,1.75,2.44,1.63,2.29
WTA,2020,6,Melbourne,Australian Open,2020-01-27,Grand Slam,Outdoor,Hard,4th Round,3,Muguruza G.,Bertens K.,32.0,10.0,1526.0,4165.0,6.0,3.0,6.0,3.0,,,2.0,0.0,Completed,1.66,2.2,1.71,2.27,1.71,2.36,1.66,2.23
WTA,2020,6,Melbourne,Australian Open,2020-01-27,Grand Slam,Outdoor,Hard,4th Round,3,Pavlyuchenkova A.,Kerber A.,30.0,18.0,1585.0,2175.0,6.0,7.0,7.0,6.0,6.0,2.0,2.0,1.0,Completed,1.72,2.1,1.74,2.22,1.85,2.22,1.74,2.1
WTA,2020,6,Melbourne,Australian Open,2020-01-28,Grand Slam,Outdoor,Hard,Quarterfinals,3,Kenin S.,Jabeur O.,15.0,78.0,2565.0,770.0,6.0,4.0,6.0,4.0,,,2.0,0.0,Completed,1.44,2.75,1.47,2.92,1.51,3.12,1.44,2.82
WTA,2020,6,Melbourne,Australian Open,2020-01-28,Grand Slam,Outdoor,Hard,Quarterfinals,3,Barty A.,Kvitova P.,1.0,8.0,8017.0,4436.0,7.0,6.0,6.0,2.0,,,2.0,0.0,Completed,1.66,2.2,1.76,2.19,1.77,2.25,1.71,2.15
WTA,2020,6,Melbourne,Australian Open,2020-01-29,Grand Slam,Outdoor,Hard,Quarterfinals,3,Halep S.,Kontaveit A.,3.0,31.0,5561.0,1575.0,6.0,1.0,6.0,1.0,,,2.0,0.0,Completed,1.33,3.4,1.35,3.54,1.4,3.63,1.35,3.25
WTA,2020,6,Melbourne,Australian Open,2020-01-29,Grand Slam,Outdoor,Hard,Quarterfinals,3,Muguruza G.,Pavlyuchenkova A.,32.0,30.0,1526.0,1585.0,7.0,5.0,6.0,3.0,,,2.0,0.0,Completed,1.53,2.5,1.59,2.53,1.61,2.66,1.54,2.49
WTA,2020,6,Melbourne,Australian Open,2020-01-30,Grand Slam,Outdoor,Hard,Semifinals,3,Kenin S.,Barty A.,15.0,1.0,2565.0,8017.0,7.0,6.0,7.0,5.0,,,2.0,0.0,Completed,3.75,1.28,3.81,1.32,4.03,1.35,3.6,1.3
WTA,2020,6,Melbourne,Australian Open,2020-01-30,Grand Slam,Outdoor,Hard,Semifinals,3,Muguruza G.,Halep S.,32.0,3.0,1526.0,5561.0,7.0,6.0,7.0,5.0,,,2.0,0.0,Completed,2.3,1.61,2.53,1.6,2.53,1.65,2.37,1.6
WTA,2020,6,Melbourne,Australian Open,2020-02-01,Grand Slam,Outdoor,Hard,The Final,3,Kenin S.,Muguruza G.,15.0,32.0,2565.0,1526.0,4.0,6.0,6.0,2.0,6.0,2.0,2.0,1.0,Completed,2.62,1.53,2.62,1.57,2.7,1.57,2.56,1.53
WTA,2020,19,New York,US Open,2020-08-31,Grand Slam,Outdoor,Hard,1st Round,3,Vondrousova M.,Minnen G.,19.0,107.0,2308.0,636.0,6.0,1.0,6.0,4.0,,,2.0,0.0,Completed,1.2,4.5,1.29,3.93,1.29,4.56,1.24,4.0
WTA,2020,19,New York,US Open,2020-08-31,Grand Slam,Outdoor,Hard,1st Round,3,Sasnovich A.,Di Lorenzo F.,106.0,129.0,638.0,520.0,2.0,6.0,7.0,6.0,6.0,0.0,2.0,1.0,Completed,1.16,5.0,1.21,5.0,1.25,5.0,1.2,4.49
WTA,2020,19,New York,US Open,2020-08-31,Grand Slam,Outdoor,Hard,1st Round,3,Gracheva V.,Badosa P.,102.0,94.0,646.0,706.0,6.0,4.0,7.0,5.0,,,2.0,0.0,Completed,1.9,1.9,1.93,1.95,1.93,2.1,1.86,1.95
WTA,2020,19,New York,US Open,2020-08-31,Grand Slam,Outdoor,Hard,1st Round,3,Kerber A.,Tomljanovic A.,23.0,59.0,2040.0,1035.0,6.0,4.0,6.0,4.0,,,2.0,0.0,Completed,1.66,2.2,1.66,2.33,1.68,2.42,1.63,2.27
WTA,2020,19,New York,US Open,2020-08-31,Grand Slam,Outdoor,Hard,1st Round,3,Mladenovic K.,Baptiste H.,44.0,236.0,1335.0,255.0,7.0,5.0,6.0,2.0,,,2.0,0.0,Completed,1.22,4.33,1.24,4.55,1.24,4.65,1.22,4.23
WTA,2020,19,New York,US Open,2020-08-31,Grand Slam,Outdoor,Hard,1st Round,3,Pliskova Ka.,Kalinina A.,3.0,145.0,5205.0,436.0,6.0,4.0,6.0,0.0,,,2.0,0.0,Completed,1.07,9.0,1.06,11.5,1.08,13.0,1.05,9.92
WTA,2020,19,New York,US Open,2020-08-31,Grand Slam,Outdoor,Hard,1st Round,3,Garcia C.,Paolini J.,50.0,97.0,1205.0,689.0,6.0,3.0,6.0,2.0,,,2.0,0.0,Completed,1.2,4.5,1.35,3.48,1.36,4.56,1.29,3.62
WTA,2020,19,New York,US Open,2020-08-31,Grand Slam,Outdoor,Hard,1st Round,3,Kvitova P.,Begu I.,12.0,73.0,3566.0,872.0,6.0,3.0,6.0,2.0,,,2.0,0.0,Completed,1.16,5.0,1.19,5.32,1.21,5.45,1.17,4.98
WTA,2020,19,New York,US Open,2020-08-31,Grand Slam,Outdoor,Hard,1st Round,3,Kovinic D.,Cabrera L.,92.0,127.0,714.0,528.0,6.0,4.0,3.0,6.0,6.0,2.0,2.0,1.0,Completed,1.72,2.1,1.83,2.07,1.83,2.2,1.76,2.06
WTA,2020,19,New York,US Open,2020-08-31,Grand Slam,Outdoor,Hard,1st Round,3,Friedsam A.L.,Dolehide C.,109.0,135.0,629.0,493.0,6.0,2.0,6.0,2.0,,,2.0,0.0,Completed,2.37,1.57,2.3,1.68,2.48,1.7,2.37,1.58
WTA,2020,19,New York,US Open,2020-08-31,Grand Slam,Outdoor,Hard,1st Round,3,Kostyuk M.,Kasatkina D.,137.0,70.0,477.0,905.0,6.0,1.0,6.0,2.0,,,2.0,0.0,Completed,1.66,2.2,1.7,2.26,1.82,2.26,1.7,2.16
WTA,2020,19,New York,US Open,2020-08-31,Grand Slam,Outdoor,Hard,1st Round,3,Sevastova A.,Gauff C.,45.0,51.0,1288.0,1174.0,6.0,3.0,5.0,7.0,6.0,4.0,2.0,1.0,Completed,2.75,1.44,2.61,1.55,2.84,1.55,2.72,1.46
WTA,2020,19,New York,US Open,2020-08-31,Grand Slam,Outdoor,Hard,1st Round,3,Kozlova K.,Osuigwe W.,99.0,143.0,658.0,447.0,6.0,3.0,7.0,5.0,,,2.0,0.0,Completed,1.53,2.5,1.58,2.52,1.58,2.63,1.53,2.5
WTA,2020,19,New York,US Open,2020-08-31,Grand Slam,Outdoor,Hard,1st Round,3,Kontaveit A.,Collins D.,21.0,55.0,2220.0,1115.0,5.0,7.0,6.0,2.0,6.0,2.0,2.0,1.0,Completed,1.28,3.75,1.24,4.46,1.29,4.46,1.24,4.01
WTA,2020,19,New York,US Open,2020-08-31,Grand Slam,Outdoor,Hard,1st Round,3,Linette M.,Inglis M.,37.0,119.0,1482.0,586.0,6.0,1.0,4.0,6.0,6.0,4.0,2.0,1.0,Completed,1.14,5.5,1.2,5.08,1.2,5.5,1.17,4.97
WTA,2020,19,New York,US Open,2020-08-31,Grand Slam,Outdoor,Hard,1st Round,3,Juvan K.,Arconada U.M.,113.0,140.0,613.0,467.0,6.0,4.0,7.0,6.0,,,2.0,0.0,Completed,1.66,2.2,1.61,2.46,1.68,2.5,1.59,2.35
WTA,2020,19,New York,US Open,2020-09-01,Grand Slam,Outdoor,Hard,1st Round,3,Bondarenko K.,Kiick A.,349.0,162.0,141.0,396.0,3.0,6.0,6.0,3.0,6.0,1.0,2.0,1.0,Completed,1.2,4.5,1.23,4.67,1.23,4.85,1.2,4.5
WTA,2020,19,New York,US Open,2020-09-01,Grand Slam,Outdoor,Hard,1st Round,3,Martic P.,Martincova T.,15.0,136.0,2850.0,488.0,5.0,7.0,6.0,2.0,6.0,4.0,2.0,1.0,Completed,1.22,4.33,1.25,4.36,1.25,4.8,1.21,4.32
WTA,2020,19,New York,US Open,2020-09-01,Grand Slam,Outdoor,Hard,1st Round,3,Lapko V.,Golubic V.,351.0,123.0,137.0,548.0,1.0,6.0,7.0,6.0,6.0,2.0,2.0,1.0,Completed,2.75,1.44,2.94,1.45,3.0,1.5,2.79,1.43
WTA,2020,19,New York,US Open,2020-09-01,Grand Slam,Outdoor,Hard,1st Round,3,Brengle M.,Rodionova Ar.,84.0,154.0,786.0,417.0,6.0,2.0,6.0,2.0,,,2.0,0.0,Completed,1.28,3.75,1.24,4.36,1.31,4.4,1.24,4.08
WTA,2020,19,New York,US Open,2020-09-01,Grand Slam,Outdoor,Hard,1st Round,3,Yastremska D.,Sharma A.,25.0,126.0,1880.0,529.0,6.0,3.0,6.0,7.0,7.0,6.0,2.0,1.0,Completed,1.14,5.5,1.16,6.04,1.18,6.25,1.15,5.43
WTA,2020,19,New York,US Open,2020-09-01,Grand Slam,Outdoor,Hard,1st Round,3,Bellis C.,Korpatsch T.,188.0,118.0,330.0,599.0,6.0,7.0,6.0,3.0,6.0,2.0,2.0,1.0,Completed,1.1,7.0,1.06,11.21,1.12,11.25,1.06,9.13
WTA,2020,19,New York,US Open,2020-09-01,Grand Slam,Outdoor,Hard,1st Round,3,Rogers S.,Khromacheva I.,93.0,674.0,713.0,40.0,6.0,2.0,6.0,2.0,,,2.0,0.0,Completed,1.1,7.0,1.11,7.7,1.15,7.95,1.1,7.06
WTA,2020,19,New York,US Open,2020-09-01,Grand Slam,Outdoor,Hard,1st Round,3,Flipkens K.,Peterson R.,72.0,48.0,878.0,1225.0,7.0,6.0,6.0,4.0,,,2.0,0.0,Completed,1.9,1.9,1.96,1.93,2.0,2.0,1.88,1.92
WTA,2020,19,New York,US Open,2020-09-01,Grand Slam,Outdoor,Hard,1st Round,3,Rybakina E.,Zavatska K.,17.0,108.0,2471.0,631.0,6.0,3.0,6.0,0.0,,,2.0,0.0,Completed,1.11,6.5,1.14,6.69,1.17,8.1,1.13,6.01
WTA,2020,19,New York,US Open,2020-09-01,Grand Slam,Outdoor,Hard,1st Round,3,Pegula J.,Bouzkova M.,63.0,46.0,983.0,1274.0,3.0,6.0,6.0,2.0,7.0,6.0,2.0,1.0,Completed,1.9,1.9,1.86,2.03,1.91,2.03,1.84,1.97
WTA,2020,19,New York,US Open,2020-09-01,Grand Slam,Outdoor,Hard,1st Round,3,Putintseva Y.,Montgomery R.,35.0,593.0,1525.0,54.0,6.0,1.0,6.0,3.0,,,2.0,0.0,Completed,1.12,6.0,1.14,6.66,1.14,7.0,1.11,6.3
WTA,2020,19,New York,US Open,2020-09-01,Grand Slam,Outdoor,Hard,1st Round,3,Li A.,Rus A.,128.0,68.0,526.0,929.0,6.0,4.0,2.0,6.0,6.0,1.0,2.0,1.0,Completed,2.37,1.57,2.55,1.57,2.56,1.62,2.47,1.54
WTA,2020,19,New York,US Open,2020-09-01,Grand Slam,Outdoor,Hard,1st Round,3,Brady J.,Blinkova A.,41.0,62.0,1395.0,984.0,6.0,3.0,6.0,2.0,,,2.0,0.0,Completed,1.2,4.5,1.19,5.26,1.2,5.4,1.17,4.96
WTA,2020,19,New York,US Open,2020-09-01,Grand Slam,Outdoor,Hard,1st Round,3,Giorgi C.,Van Uytvanck A.,74.0,60.0,870.0,1035.0,2.0,6.0,6.0,1.0,7.0,5.0,2.0,1.0,Completed,1.44,2.75,1.47,2.86,1.48,2.9,1.44,2.79
WTA,2020,19,New York,US Open,2020-09-01,Grand Slam,Outdoor,Hard,1st Round,3,Osaka N.,Doi M.,9.0,81.0,4020.0,818.0,6.0,2.0,5.0,7.0,6.0,2.0,2.0,1.0,Completed,1.1,7.0,1.13,7.12,1.15,7.45,1.12,6.4
WTA,2020,19,New York,US Open,2020-09-01,Grand Slam,Outdoor,Hard,1st Round,3,Riske A.,Maria T.,20.0,95.0,2256.0,702.0,6.0,3.0,6.0,2.0,,,2.0,0.0,Completed,1.11,6.5,1.16,5.93,1.16,7.0,1.13,5.88
WTA,2020,19,New York,US Open,2020-09-01,Grand Slam,Outdoor,Hard,1st Round,3,Muguruza G.,Hibino N.,16.0,78.0,2711.0,838.0,6.0,4.0,6.0,4.0,,,2.0,0.0,Completed,1.16,5.0,1.19,5.3,1.2,5.3,1.18,4.91
WTA,2020,19,New York,US Open,2020-09-01,Grand Slam,Outdoor,Hard,1st Round,3,Cirstea S.,Mchale C.,77.0,75.0,839.0,857.0,6.0,4.0,7.0,5.0,,,2.0,0.0,Completed,2.37,1.57,2.44,1.62,2.45,1.63,2.37,1.58
WTA,2020,19,New York,US Open,2020-09-01,Grand Slam,Outdoor,Hard,1st Round,3,Mertens E.,Siegemund L.,18.0,64.0,2360.0,971.0,6.0,2.0,6.0,2.0,,,2.0,0.0,Completed,1.14,5.5,1.13,6.81,1.2,6.81,1.14,5.73
WTA,2020,19,New York,US Open,2020-09-01,Grand Slam,Outdoor,Hard,1st Round,3,Anisimova A.,Tomova V.,28.0,133.0,1775.0,505.0,7.0,5.0,7.0,5.0,,,2.0,0.0,Completed,1.1,7.0,1.1,8.46,1.14,8.5,1.09,7.31
WTA,2020,19,New York,US Open,2020-09-01,Grand Slam,Outdoor,Hard,1st Round,3,Bonaventure Y.,Zhang S.,121.0,38.0,574.0,1475.0,4.0,6.0,6.0,3.0,6.0,2.0,2.0,1.0,Completed,3.0,1.4,3.21,1.39,3.25,1.43,3.03,1.38
WTA,2020,19,New York,US Open,2020-09-01,Grand Slam,Outdoor,Hard,1st Round,3,Gasparyan M.,Puig M.,117.0,91.0,601.0,722.0,6.0,3.0,6.0,7.0,6.0,0.0,2.0,1.0,Completed,3.5,1.3,2.45,1.61,3.5,1.68,2.37,1.6
WTA,2020,19,New York,US Open,2020-09-01,Grand Slam,Outdoor,Hard,1st Round,3,Pironkova T.,Samsonova L.,,120.0,,576.0,6.0,2.0,6.0,3.0,,,2.0,0.0,Completed,7.0,1.1,7.74,1.11,9.0,1.13,7.4,1.09
WTA,2020,19,New York,US Open,2020-09-01,Grand Slam,Outdoor,Hard,1st Round,3,Konta J.,Watson H.,13.0,54.0,3152.0,1122.0,7.0,6.0,6.0,1.0,,,2.0,0.0,Completed,1.14,5.5,1.18,5.54,1.19,5.8,1.16,5.31
WTA,2020,19,New York,US Open,2020-09-01,Grand Slam,Outdoor,Hard,1st Round,3,Scott K.,Vikhlyantseva N.,637.0,131.0,46.0,519.0,7.0,6.0,6.0,2.0,,,2.0,0.0,Completed,2.62,1.5,2.82,1.48,2.9,1.59,2.67,1.47
WTA,2020,19,New York,US Open,2020-09-01,Grand Slam,Outdoor,Hard,1st Round,3,Sorribes Tormo S.,Liu C.,82.0,238.0,798.0,253.0,6.0,2.0,6.0,4.0,,,2.0,0.0,Completed,1.5,2.62,1.51,2.73,1.58,2.75,1.5,2.58
WTA,2020,19,New York,US Open,2020-09-01,Grand Slam,Outdoor,Hard,1st Round,3,Kenin S.,Wickmayer Y.,4.0,146.0,4590.0,435.0,6.0,2.0,6.0,2.0,,,2.0,0.0,Completed,1.08,8.0,1.1,8.12,1.12,8.59,1.09,7.6
WTA,2020,19,New York,US Open,2020-09-01,Grand Slam,Outdoor,Hard,1st Round,3,Cornet A.,Davis L.,56.0,65.0,1060.0,967.0,6.0,3.0,1.0,6.0,6.0,0.0,2.0,1.0,Completed,1.3,3.5,1.34,3.5,1.34,3.66,1.32,3.42
WTA,2020,19,New York,US Open,2020-09-01,Grand Slam,Outdoor,Hard,1st Round,3,Fernandez L.A.,Zvonareva V.,104.0,178.0,645.0,351.0,6.0,4.0,7.0,5.0,,,2.0,0.0,Completed,1.8,2.0,1.94,1.94,1.94,2.06,1.82,1.98
WTA,2020,19,New York,US Open,2020-09-02,Grand Slam,Outdoor,Hard,1st Round,3,Keys M.,Babos T.,14.0,101.0,2962.0,650.0,6.0,1.0,6.0,1.0,,,2.0,0.0,Completed,1.12,6.0,1.11,8.05,1.17,8.05,1.11,6.57
WTA,2020,19,New York,US Open,2020-09-02,Grand Slam,Outdoor,Hard,1st Round,3,Williams S.,Ahn K.,8.0,96.0,4080.0,698.0,7.0,5.0,6.0,3.0,,,2.0,0.0,Completed,1.08,8.0,1.09,8.64,1.12,9.3,1.08,7.74
WTA,2020,19,New York,US Open,2020-09-02,Grand Slam,Outdoor,Hard,1st Round,3,Kalinskaya A.,Stojanovic N.,110.0,86.0,625.0,761.0,6.0,4.0,6.0,3.0,,,2.0,0.0,Completed,1.61,2.3,1.66,2.35,1.67,2.52,1.62,2.29
WTA,2020,19,New York,US Open,2020-09-02,Grand Slam,Outdoor,Hard,1st Round,3,Jabeur O.,Kawa K.,31.0,125.0,1573.0,531.0,6.0,2.0,7.0,6.0,,,2.0,0.0,Completed,1.06,10.0,1.06,12.19,1.07,14.5,1.05,10.6
WTA,2020,19,New York,US Open,2020-09-02,Grand Slam,Outdoor,Hard,1st Round,3,Kanepi K.,Siniakova K.,100.0,57.0,656.0,1045.0,6.0,1.0,6.0,2.0,,,2.0,0.0,Completed,1.61,2.3,1.67,2.33,1.67,2.36,1.63,2.27
WTA,2020,19,New York,US Open,2020-09-02,Grand Slam,Outdoor,Hard,1st Round,3,Azarenka V.,Haas B.,27.0,139.0,1832.0,469.0,6.0,1.0,6.0,2.0,,,2.0,0.0,Completed,1.06,10.0,1.06,11.17,1.08,12.5,1.06,9.69
WTA,2020,19,New York,US Open,2020-09-02,Grand Slam,Outdoor,Hard,1st Round,3,Muchova K.,Williams V.,26.0,67.0,1872.0,929.0,6.0,3.0,7.0,5.0,,,2.0,0.0,Completed,1.5,2.62,1.48,2.83,1.54,2.85,1.47,2.67
WTA,2020,19,New York,US Open,2020-09-02,Grand Slam,Outdoor,Hard,1st Round,3,Sabalenka A.,Dodin O.,11.0,115.0,3615.0,611.0,7.0,6.0,6.0,4.0,,,2.0,0.0,Completed,1.22,4.33,1.23,4.7,1.26,4.9,1.21,4.37
WTA,2020,19,New York,US Open,2020-09-02,Grand Slam,Outdoor,Hard,1st Round,3,Bolsova A.,Teichmann J.,103.0,52.0,645.0,1164.0,7.0,6.0,6.0,2.0,,,2.0,0.0,Completed,6.0,1.12,6.77,1.13,7.0,1.15,6.19,1.12
WTA,2020,19,New York,US Open,2020-09-02,Grand Slam,Outdoor,Hard,1st Round,3,Swiatek I.,Kudermetova V.,53.0,42.0,1139.0,1388.0,6.0,3.0,6.0,3.0,,,2.0,0.0,Completed,1.72,2.1,1.65,2.36,1.76,2.36,1.67,2.21
WTA,2020,19,New York,US Open,2020-09-02,Grand Slam,Outdoor,Hard,1st Round,3,Govortsova O.,Muhammad A.,130.0,194.0,520.0,323.0,6.0,1.0,6.0,2.0,,,2.0,0.0,Completed,1.4,3.0,1.34,3.45,1.4,3.6,1.33,3.36
WTA,2020,19,New York,US Open,2020-09-02,Grand Slam,Outdoor,Hard,1st Round,3,Stephens S.,Buzarnescu M.,39.0,122.0,1453.0,558.0,6.0,3.0,6.0,3.0,,,2.0,0.0,Completed,1.36,3.2,1.38,3.3,1.4,3.5,1.35,3.2
WTA,2020,19,New York,US Open,2020-09-02,Grand Slam,Outdoor,Hard,1st Round,3,Tig P.M.,Nara K.,88.0,142.0,759.0,449.0,6.0,1.0,6.0,0.0,,,2.0,0.0,Completed,1.61,2.3,1.87,2.03,1.94,2.3,1.82,1.99
WTA,2020,19,New York,US Open,2020-09-02,Grand Slam,Outdoor,Hard,1st Round,3,Sakkari M.,Voegele S.,22.0,114.0,2130.0,612.0,6.0,3.0,3.0,6.0,7.0,5.0,2.0,1.0,Completed,1.3,3.5,1.18,5.45,1.3,5.7,1.18,4.94
WTA,2020,19,New York,US Open,2020-09-02,Grand Slam,Outdoor,Hard,1st Round,3,Pera B.,Diyas Z.,61.0,69.0,1015.0,918.0,7.0,6.0,6.0,0.0,,,2.0,0.0,Completed,1.8,1.5,1.57,2.54,2.38,2.61,1.58,2.41
WTA,2020,19,New York,US Open,2020-09-02,Grand Slam,Outdoor,Hard,1st Round,3,Vickery S.,Townsend T.,160.0,79.0,399.0,836.0,6.0,2.0,6.0,4.0,,,2.0,0.0,Completed,2.75,1.44,2.84,1.48,2.85,1.53,2.69,1.46
WTA,2020,19,New York,US Open,2020-09-02,Grand Slam,Outdoor,Hard,1st Round,3,Vekic D.,Pliskova Kr.,24.0,66.0,1880.0,960.0,3.0,6.0,7.0,6.0,6.0,4.0,2.0,1.0,Completed,1.53,2.5,1.58,2.51,1.62,2.55,1.55,2.43
WTA,2020,19,New York,US Open,2020-09-02,Grand Slam,Outdoor,Hard,1st Round,3,Alexandrova E.,Clijsters K.,29.0,,1775.0,,3.0,6.0,7.0,5.0,6.0,1.0,2.0,1.0,Completed,1.8,2.0,1.65,2.35,1.8,2.45,1.63,2.28
WTA,2020,19,New York,US Open,2020-09-02,Grand Slam,Outdoor,Hard,1st Round,3,Mcnally C.,Kuzmova V.,124.0,85.0,544.0,775.0,6.0,4.0,6.0,1.0,,,2.0,0.0,Completed,1.8,2.0,1.81,2.09,1.89,2.09,1.79,2.02
WTA,2020,19,New York,US Open,2020-09-02,Grand Slam,Outdoor,Hard,2nd Round,3,Kerber A.,Friedsam A.L.,23.0,109.0,2040.0,629.0,6.0,3.0,7.0,6.0,,,2.0,0.0,Completed,1.28,3.75,1.29,3.95,1.31,4.0,1.28,3.69
WTA,2020,19,New York,US Open,2020-09-02,Grand Slam,Outdoor,Hard,2nd Round,3,Martic P.,Bondarenko K.,15.0,349.0,2850.0,141.0,6.0,3.0,6.0,4.0,,,2.0,0.0,Completed,1.14,5.5,1.15,6.36,1.18,6.5,1.15,5.55
WTA,2020,19,New York,US Open,2020-09-02,Grand Slam,Outdoor,Hard,2nd Round,3,Kontaveit A.,Juvan K.,21.0,113.0,2220.0,613.0,6.0,4.0,6.0,1.0,,,2.0,0.0,Completed,1.16,5.0,1.14,6.51,1.2,6.51,1.15,5.56
WTA,2020,19,New York,US Open,2020-09-02,Grand Slam,Outdoor,Hard,2nd Round,3,Linette M.,Kovinic D.,37.0,92.0,1482.0,714.0,6.0,1.0,6.0,7.0,7.0,6.0,2.0,1.0,Completed,1.28,3.75,1.27,4.12,1.33,4.2,1.26,3.87
WTA,2020,19,New York,US Open,2020-09-02,Grand Slam,Outdoor,Hard,2nd Round,3,Gracheva V.,Mladenovic K.,102.0,44.0,646.0,1335.0,1.0,6.0,7.0,6.0,6.0,0.0,2.0,1.0,Completed,2.5,1.53,2.82,1.48,2.82,1.58,2.61,1.49
WTA,2020,19,New York,US Open,2020-09-02,Grand Slam,Outdoor,Hard,2nd Round,3,Sasnovich A.,Vondrousova M.,106.0,19.0,638.0,2308.0,6.0,1.0,6.0,2.0,,,2.0,0.0,Completed,2.3,1.61,2.43,1.62,2.65,1.67,2.42,1.56
WTA,2020,19,New York,US Open,2020-09-02,Grand Slam,Outdoor,Hard,2nd Round,3,Kvitova P.,Kozlova K.,12.0,99.0,3566.0,658.0,7.0,6.0,6.0,2.0,,,2.0,0.0,Completed,1.12,6.0,1.07,10.15,1.14,10.15,1.09,7.58
WTA,2020,19,New York,US Open,2020-09-02,Grand Slam,Outdoor,Hard,2nd Round,3,Putintseva Y.,Lapko V.,35.0,351.0,1525.0,137.0,6.0,3.0,6.0,3.0,,,2.0,0.0,Completed,1.16,5.0,1.2,5.08,1.25,5.08,1.2,4.54
WTA,2020,19,New York,US Open,2020-09-02,Grand Slam,Outdoor,Hard,2nd Round,3,Brady J.,Bellis C.,41.0,188.0,1395.0,330.0,6.0,1.0,6.0,2.0,,,2.0,0.0,Completed,1.44,2.75,1.42,3.06,1.49,3.1,1.42,2.88
WTA,2020,19,New York,US Open,2020-09-02,Grand Slam,Outdoor,Hard,2nd Round,3,Pegula J.,Flipkens K.,63.0,72.0,983.0,878.0,7.0,6.0,6.0,7.0,6.0,3.0,2.0,1.0,Completed,1.4,3.0,1.33,3.62,1.43,3.62,1.36,3.16
WTA,2020,19,New York,US Open,2020-09-02,Grand Slam,Outdoor,Hard,2nd Round,3,Rogers S.,Rybakina E.,93.0,17.0,713.0,2471.0,7.0,5.0,6.0,1.0,,,2.0,0.0,Completed,3.0,1.4,2.89,1.46,3.29,1.46,2.96,1.4
WTA,2020,19,New York,US Open,2020-09-02,Grand Slam,Outdoor,Hard,2nd Round,3,Li A.,Riske A.,128.0,20.0,526.0,2256.0,6.0,0.0,6.0,3.0,,,2.0,0.0,Completed,3.0,1.4,3.2,1.4,3.25,1.41,3.08,1.37
WTA,2020,19,New York,US Open,2020-09-02,Grand Slam,Outdoor,Hard,2nd Round,3,Garcia C.,Pliskova Ka.,50.0,3.0,1205.0,5205.0,6.0,1.0,7.0,6.0,,,2.0,0.0,Completed,3.5,1.3,4.1,1.27,4.2,1.35,3.66,1.28
WTA,2020,19,New York,US Open,2020-09-03,Grand Slam,Outdoor,Hard,2nd Round,3,Kostyuk M.,Sevastova A.,137.0,45.0,477.0,1288.0,6.0,3.0,7.0,6.0,,,2.0,0.0,Completed,2.0,1.8,1.96,1.93,2.1,1.93,1.95,1.85
WTA,2020,19,New York,US Open,2020-09-03,Grand Slam,Outdoor,Hard,2nd Round,3,Osaka N.,Giorgi C.,9.0,74.0,4020.0,870.0,6.0,1.0,6.0,2.0,,,2.0,0.0,Completed,1.22,4.33,1.24,4.5,1.26,4.55,1.23,4.16
WTA,2020,19,New York,US Open,2020-09-03,Grand Slam,Outdoor,Hard,2nd Round,3,Brengle M.,Yastremska D.,84.0,25.0,786.0,1880.0,6.0,2.0,6.0,3.0,,,2.0,0.0,Completed,5.0,1.16,4.72,1.22,5.0,1.22,4.58,1.2
WTA,2020,19,New York,US Open,2020-09-03,Grand Slam,Outdoor,Hard,2nd Round,3,Jabeur O.,Kanepi K.,31.0,100.0,1573.0,656.0,7.0,6.0,6.0,0.0,,,2.0,0.0,Completed,1.5,2.62,1.54,2.63,1.54,2.85,1.48,2.65
WTA,2020,19,New York,US Open,2020-09-03,Grand Slam,Outdoor,Hard,2nd Round,3,Pironkova T.,Muguruza G.,,16.0,,2711.0,7.0,5.0,6.0,3.0,,,2.0,0.0,Completed,5.0,1.16,5.96,1.16,6.25,1.19,5.37,1.15
WTA,2020,19,New York,US Open,2020-09-03,Grand Slam,Outdoor,Hard,2nd Round,3,Sakkari M.,Pera B.,22.0,61.0,2130.0,1015.0,2.0,6.0,6.0,3.0,6.0,2.0,2.0,1.0,Completed,1.44,2.75,1.46,2.92,1.48,2.95,1.44,2.78
WTA,2020,19,New York,US Open,2020-09-03,Grand Slam,Outdoor,Hard,2nd Round,3,Anisimova A.,Scott K.,28.0,637.0,1775.0,46.0,4.0,6.0,6.0,4.0,6.0,1.0,2.0,1.0,Completed,1.12,6.0,1.13,7.11,1.14,8.0,1.11,6.51
WTA,2020,19,New York,US Open,2020-09-03,Grand Slam,Outdoor,Hard,2nd Round,3,Vekic D.,Tig P.M.,24.0,88.0,1880.0,759.0,6.0,2.0,6.0,1.0,,,2.0,0.0,Completed,1.2,4.5,1.26,4.25,1.26,4.56,1.23,4.14
WTA,2020,19,New York,US Open,2020-09-03,Grand Slam,Outdoor,Hard,2nd Round,3,Kenin S.,Fernandez L.A.,4.0,104.0,4590.0,645.0,6.0,4.0,6.0,3.0,,,2.0,0.0,Completed,1.36,3.2,1.36,3.41,1.4,3.41,1.34,3.24
WTA,2020,19,New York,US Open,2020-09-03,Grand Slam,Outdoor,Hard,2nd Round,3,Muchova K.,Kalinskaya A.,26.0,110.0,1872.0,625.0,6.0,3.0,7.0,6.0,,,2.0,0.0,Completed,1.2,4.5,1.24,4.44,1.25,4.77,1.22,4.26
WTA,2020,19,New York,US Open,2020-09-03,Grand Slam,Outdoor,Hard,2nd Round,3,Cirstea S.,Konta J.,77.0,13.0,839.0,3152.0,2.0,6.0,7.0,6.0,6.0,4.0,2.0,1.0,Completed,5.5,1.14,5.43,1.18,5.95,1.22,5.37,1.15
WTA,2020,19,New York,US Open,2020-09-03,Grand Slam,Outdoor,Hard,2nd Round,3,Cornet A.,Bonaventure Y.,56.0,121.0,1060.0,574.0,7.0,6.0,6.0,3.0,,,2.0,0.0,Completed,1.28,3.75,1.26,4.3,1.35,4.35,1.25,3.91
WTA,2020,19,New York,US Open,2020-09-04,Grand Slam,Outdoor,Hard,2nd Round,3,Stephens S.,Govortsova O.,39.0,130.0,1453.0,520.0,6.0,2.0,6.0,2.0,,,2.0,0.0,Completed,1.61,2.3,1.65,2.37,1.66,2.42,1.61,2.32
WTA,2020,19,New York,US Open,2020-09-04,Grand Slam,Outdoor,Hard,2nd Round,3,Keys M.,Bolsova A.,14.0,103.0,2962.0,645.0,6.0,2.0,6.0,1.0,,,2.0,0.0,Completed,1.1,7.0,1.1,8.33,1.12,8.5,1.1,7.19
WTA,2020,19,New York,US Open,2020-09-04,Grand Slam,Outdoor,Hard,2nd Round,3,Williams S.,Gasparyan M.,8.0,117.0,4080.0,601.0,6.0,2.0,6.0,4.0,,,2.0,0.0,Completed,1.08,8.0,1.1,8.45,1.11,10.5,1.07,8.55
WTA,2020,19,New York,US Open,2020-09-04,Grand Slam,Outdoor,Hard,2nd Round,3,Azarenka V.,Sabalenka A.,27.0,11.0,1832.0,3615.0,6.0,1.0,6.0,3.0,,,2.0,0.0,Completed,1.9,1.9,2.03,1.85,2.03,2.06,1.91,1.88
WTA,2020,19,New York,US Open,2020-09-04,Grand Slam,Outdoor,Hard,2nd Round,3,Swiatek I.,Vickery S.,53.0,160.0,1139.0,399.0,6.0,7.0,6.0,3.0,6.0,4.0,2.0,1.0,Completed,1.5,2.62,1.17,5.67,1.21,5.8,1.17,5.02
WTA,2020,19,New York,US Open,2020-09-04,Grand Slam,Outdoor,Hard,2nd Round,3,Mcnally C.,Alexandrova E.,124.0,29.0,544.0,1775.0,4.0,6.0,6.0,3.0,7.0,6.0,2.0,1.0,Completed,2.62,1.5,2.88,1.47,3.25,1.47,2.93,1.4
WTA,2020,19,New York,US Open,2020-09-04,Grand Slam,Outdoor,Hard,2nd Round,3,Mertens E.,Sorribes Tormo S.,18.0,82.0,2360.0,798.0,6.0,3.0,7.0,5.0,,,2.0,0.0,Completed,1.01,26.0,1.06,11.65,1.07,12.5,1.05,10.3
WTA,2020,19,New York,US Open,2020-09-04,Grand Slam,Outdoor,Hard,3rd Round,3,Martic P.,Gracheva V.,15.0,102.0,2850.0,646.0,6.0,3.0,6.0,3.0,,,2.0,0.0,Completed,1.25,4.0,1.19,5.22,1.3,5.22,1.23,4.21
WTA,2020,19,New York,US Open,2020-09-04,Grand Slam,Outdoor,Hard,3rd Round,3,Putintseva Y.,Sasnovich A.,35.0,106.0,1525.0,638.0,3.0,6.0,6.0,2.0,6.0,1.0,2.0,1.0,Completed,1.66,2.2,1.72,2.24,1.74,2.28,1.68,2.19
WTA,2020,19,New York,US Open,2020-09-04,Grand Slam,Outdoor,Hard,3rd Round,3,Osaka N.,Kostyuk M.,9.0,137.0,4020.0,477.0,6.0,3.0,6.0,7.0,6.0,2.0,2.0,1.0,Completed,1.16,5.0,1.17,5.84,1.21,5.95,1.16,5.31
WTA,2020,19,New York,US Open,2020-09-04,Grand Slam,Outdoor,Hard,3rd Round,3,Kerber A.,Li A.,23.0,128.0,2040.0,526.0,6.0,3.0,6.0,4.0,,,2.0,0.0,Completed,1.3,3.5,1.37,3.34,1.38,3.9,1.34,3.28
WTA,2020,19,New York,US Open,2020-09-04,Grand Slam,Outdoor,Hard,3rd Round,3,Brady J.,Garcia C.,41.0,50.0,1395.0,1205.0,6.0,3.0,6.0,3.0,,,2.0,0.0,Completed,1.4,3.0,1.44,2.98,1.45,3.23,1.4,2.94
WTA,2020,19,New York,US Open,2020-09-04,Grand Slam,Outdoor,Hard,3rd Round,3,Kontaveit A.,Linette M.,21.0,37.0,2220.0,1482.0,6.0,3.0,6.0,2.0,,,2.0,0.0,Completed,1.16,5.0,1.21,4.94,1.24,5.4,1.18,4.86
WTA,2020,19,New York,US Open,2020-09-05,Grand Slam,Outdoor,Hard,3rd Round,3,Rogers S.,Brengle M.,93.0,84.0,713.0,786.0,6.0,2.0,6.0,4.0,,,2.0,0.0,Completed,1.5,2.62,1.42,3.1,1.64,3.1,1.43,2.84
WTA,2020,19,New York,US Open,2020-09-05,Grand Slam,Outdoor,Hard,3rd Round,3,Kvitova P.,Pegula J.,12.0,63.0,3566.0,983.0,6.0,4.0,6.0,3.0,,,2.0,0.0,Completed,1.33,3.4,1.3,3.8,1.38,3.8,1.31,3.42
WTA,2020,19,New York,US Open,2020-09-05,Grand Slam,Outdoor,Hard,3rd Round,3,Sakkari M.,Anisimova A.,22.0,28.0,2130.0,1775.0,6.0,3.0,6.0,1.0,,,2.0,0.0,Completed,1.9,1.9,1.82,2.08,1.92,2.11,1.8,2.02
WTA,2020,19,New York,US Open,2020-09-05,Grand Slam,Outdoor,Hard,3rd Round,3,Muchova K.,Cirstea S.,26.0,77.0,1872.0,839.0,6.0,3.0,2.0,6.0,7.0,6.0,2.0,1.0,Completed,1.3,3.5,1.29,3.98,1.32,4.0,1.27,3.7
WTA,2020,19,New York,US Open,2020-09-05,Grand Slam,Outdoor,Hard,3rd Round,3,Mertens E.,Mcnally C.,18.0,124.0,2360.0,544.0,7.0,5.0,6.0,1.0,,,2.0,0.0,Completed,1.16,5.0,1.16,5.92,1.23,5.92,1.16,5.23
WTA,2020,19,New York,US Open,2020-09-05,Grand Slam,Outdoor,Hard,3rd Round,3,Williams S.,Stephens S.,8.0,39.0,4080.0,1453.0,2.0,6.0,6.0,2.0,6.0,2.0,2.0,1.0,Completed,1.44,2.75,1.46,2.91,1.5,2.91,1.45,2.78
WTA,2020,19,New York,US Open,2020-09-05,Grand Slam,Outdoor,Hard,3rd Round,3,Pironkova T.,Vekic D.,,24.0,,1880.0,6.0,4.0,6.0,1.0,,,2.0,0.0,Completed,2.62,1.5,2.79,1.49,2.85,1.55,2.64,1.49
WTA,2020,19,New York,US Open,2020-09-06,Grand Slam,Outdoor,Hard,3rd Round,3,Azarenka V.,Swiatek I.,27.0,53.0,1832.0,1139.0,6.0,4.0,6.0,2.0,,,2.0,0.0,Completed,1.25,4.0,1.28,4.05,1.36,4.5,1.24,4.07
WTA,2020,19,New York,US Open,2020-09-06,Grand Slam,Outdoor,Hard,3rd Round,3,Cornet A.,Keys M.,56.0,14.0,1060.0,2962.0,7.0,6.0,3.0,2.0,,,1.0,0.0,Retired,4.0,1.25,4.97,1.21,4.97,1.3,4.03,1.24
WTA,2020,19,New York,US Open,2020-09-06,Grand Slam,Outdoor,Hard,3rd Round,3,Kenin S.,Jabeur O.,4.0,31.0,4590.0,1573.0,7.0,6.0,6.0,3.0,,,2.0,0.0,Completed,1.44,2.75,1.44,2.97,1.67,3.0,1.44,2.78
WTA,2020,19,New York,US Open,2020-09-06,Grand Slam,Outdoor,Hard,4th Round,3,Brady J.,Kerber A.,41.0,23.0,1395.0,2040.0,6.0,1.0,6.0,4.0,,,2.0,0.0,Completed,1.5,2.62,1.49,2.83,1.55,2.83,1.5,2.59
WTA,2020,19,New York,US Open,2020-09-06,Grand Slam,Outdoor,Hard,4th Round,3,Putintseva Y.,Martic P.,35.0,15.0,1525.0,2850.0,6.0,3.0,2.0,6.0,6.0,4.0,2.0,1.0,Completed,2.3,1.61,2.27,1.71,2.45,1.71,2.28,1.63
WTA,2020,19,New York,US Open,2020-09-06,Grand Slam,Outdoor,Hard,4th Round,3,Rogers S.,Kvitova P.,93.0,12.0,713.0,3566.0,7.0,6.0,3.0,6.0,7.0,6.0,2.0,1.0,Completed,3.5,1.3,3.19,1.41,3.6,1.44,3.22,1.35
WTA,2020,19,New York,US Open,2020-09-07,Grand Slam,Outdoor,Hard,4th Round,3,Osaka N.,Kontaveit A.,9.0,21.0,4020.0,2220.0,6.0,3.0,6.0,4.0,,,2.0,0.0,Completed,1.44,2.75,1.49,2.82,1.54,2.96,1.47,2.69
WTA,2020,19,New York,US Open,2020-09-07,Grand Slam,Outdoor,Hard,4th Round,3,Williams S.,Sakkari M.,8.0,22.0,4080.0,2130.0,6.0,3.0,6.0,7.0,6.0,3.0,2.0,1.0,Completed,1.4,3.0,1.44,3.04,1.46,3.05,1.42,2.88
WTA,2020,19,New York,US Open,2020-09-07,Grand Slam,Outdoor,Hard,4th Round,3,Pironkova T.,Cornet A.,,56.0,,1060.0,6.0,4.0,6.0,7.0,6.0,3.0,2.0,1.0,Completed,2.1,1.72,2.16,1.78,2.17,1.94,2.05,1.78
WTA,2020,19,New York,US Open,2020-09-08,Grand Slam,Outdoor,Hard,4th Round,3,Azarenka V.,Muchova K.,27.0,26.0,1832.0,1872.0,5.0,7.0,6.0,1.0,6.0,4.0,2.0,1.0,Completed,1.4,3.0,1.43,3.05,1.45,3.35,1.39,3.03
WTA,2020,19,New York,US Open,2020-09-08,Grand Slam,Outdoor,Hard,4th Round,3,Mertens E.,Kenin S.,18.0,4.0,2360.0,4590.0,6.0,3.0,6.0,3.0,,,2.0,0.0,Completed,2.1,1.72,2.16,1.78,2.19,1.81,2.11,1.74
WTA,2020,19,New York,US Open,2020-09-08,Grand Slam,Outdoor,Hard,Quarterfinals,3,Brady J.,Putintseva Y.,41.0,35.0,1395.0,1525.0,6.0,3.0,6.0,2.0,,,2.0,0.0,Completed,1.28,3.75,1.29,4.02,1.34,4.02,1.29,3.65
WTA,2020,19,New York,US Open,2020-09-09,Grand Slam,Outdoor,Hard,Quarterfinals,3,Osaka N.,Rogers S.,9.0,93.0,4020.0,713.0,6.0,3.0,6.0,4.0,,,2.0,0.0,Completed,1.16,5.0,1.17,5.8,1.21,5.8,1.17,5.03
WTA,2020,19,New York,US Open,2020-09-09,Grand Slam,Outdoor,Hard,Quarterfinals,3,Williams S.,Pironkova T.,8.0,,4080.0,,4.0,6.0,6.0,3.0,6.0,2.0,2.0,1.0,Completed,1.14,5.5,1.14,6.87,1.18,6.87,1.14,5.84
WTA,2020,19,New York,US Open,2020-09-10,Grand Slam,Outdoor,Hard,Quarterfinals,3,Azarenka V.,Mertens E.,27.0,18.0,1832.0,2360.0,6.0,1.0,6.0,0.0,,,2.0,0.0,Completed,1.9,1.9,2.13,1.8,2.13,2.0,1.96,1.86
WTA,2020,19,New York,US Open,2020-09-11,Grand Slam,Outdoor,Hard,Semifinals,3,Osaka N.,Brady J.,9.0,41.0,4020.0,1395.0,7.0,6.0,3.0,6.0,6.0,3.0,2.0,1.0,Completed,1.36,3.2,1.4,3.3,1.43,3.3,1.37,3.13
WTA,2020,19,New York,US Open,2020-09-11,Grand Slam,Outdoor,Hard,Semifinals,3,Azarenka V.,Williams S.,27.0,8.0,1832.0,4080.0,1.0,6.0,6.0,3.0,6.0,3.0,2.0,1.0,Completed,1.72,2.1,1.79,2.16,1.8,2.24,1.74,2.13
WTA,2020,19,New York,US Open,2020-09-12,Grand Slam,Outdoor,Hard,The Final,3,Osaka N.,Azarenka V.,9.0,27.0,4020.0,1832.0,1.0,6.0,6.0,3.0,6.0,3.0,2.0,1.0,Completed,1.53,2.5,1.56,2.64,1.6,2.7,1.54,2.53
WTA,2020,22,Paris,French Open,2020-09-27,Grand Slam,Outdoor,Clay,1st Round,3,Azarenka V.,Kovinic D.,14.0,73.0,3122.0,932.0,6.0,1.0,6.0,2.0,,,2.0,0.0,Completed,1.1,7.0,1.12,7.26,1.13,8.0,1.11,6.78
WTA,2020,22,Paris,French Open,2020-09-27,Grand Slam,Outdoor,Clay,1st Round,3,Sharma A.,Blinkova A.,134.0,59.0,529.0,1104.0,6.0,3.0,2.0,6.0,7.0,5.0,2.0,1.0,Completed,4.0,1.25,3.77,1.31,4.3,1.31,3.98,1.25
WTA,2020,22,Paris,French Open,2020-09-27,Grand Slam,Outdoor,Clay,1st Round,3,Kanepi K.,Bouzkova M.,106.0,46.0,656.0,1314.0,4.0,6.0,6.0,4.0,6.0,2.0,2.0,1.0,Completed,2.2,1.66,2.41,1.63,2.46,1.72,2.29,1.63
WTA,2020,22,Paris,French Open,2020-09-27,Grand Slam,Outdoor,Clay,1st Round,3,Alexandrova E.,Inglis M.,31.0,124.0,1775.0,586.0,6.0,3.0,6.0,3.0,,,2.0,0.0,Completed,1.1,7.0,1.11,7.9,1.14,8.55,1.1,7.17
WTA,2020,22,Paris,French Open,2020-09-27,Grand Slam,Outdoor,Clay,1st Round,3,Rakhimova K.,Rogers S.,189.0,55.0,349.0,1133.0,6.0,2.0,6.0,3.0,,,2.0,0.0,Completed,4.0,1.25,4.23,1.26,4.5,1.3,4.03,1.24
WTA,2020,22,Paris,French Open,2020-09-27,Grand Slam,Outdoor,Clay,1st Round,3,Sakkari M.,Tomljanovic A.,24.0,64.0,2240.0,1035.0,6.0,0.0,7.0,5.0,,,2.0,0.0,Completed,1.25,4.0,1.27,4.13,1.29,4.2,1.26,3.93
WTA,2020,22,Paris,French Open,2020-09-27,Grand Slam,Outdoor,Clay,1st Round,3,Mertens E.,Gasparyan M.,20.0,122.0,2490.0,601.0,6.0,2.0,6.0,3.0,,,2.0,0.0,Completed,1.06,10.0,1.06,11.51,1.07,13.0,1.05,10.31
WTA,2020,22,Paris,French Open,2020-09-27,Grand Slam,Outdoor,Clay,1st Round,3,Halep S.,Sorribes Tormo S.,2.0,70.0,7255.0,945.0,6.0,4.0,6.0,0.0,,,2.0,0.0,Completed,1.05,11.0,1.05,13.31,1.07,14.5,1.04,11.45
WTA,2020,22,Paris,French Open,2020-09-27,Grand Slam,Outdoor,Clay,1st Round,3,Sasnovich A.,Friedsam A.L.,96.0,104.0,738.0,680.0,6.0,2.0,2.0,6.0,6.0,3.0,2.0,1.0,Completed,1.53,2.5,1.57,2.54,1.62,2.55,1.56,2.44
WTA,2020,22,Paris,French Open,2020-09-27,Grand Slam,Outdoor,Clay,1st Round,3,Schmiedlova A.,Williams V.,161.0,75.0,427.0,929.0,6.0,4.0,6.0,4.0,,,2.0,0.0,Completed,1.61,2.3,1.75,2.19,1.75,2.47,1.65,2.26
WTA,2020,22,Paris,French Open,2020-09-27,Grand Slam,Outdoor,Clay,1st Round,3,Garcia C.,Kontaveit A.,45.0,21.0,1325.0,2330.0,6.0,4.0,3.0,6.0,6.0,4.0,2.0,1.0,Completed,3.5,1.3,3.77,1.31,3.77,1.34,3.52,1.3
WTA,2020,22,Paris,French Open,2020-09-27,Grand Slam,Outdoor,Clay,1st Round,3,Begu I.,Teichmann J.,72.0,54.0,932.0,1164.0,6.0,4.0,4.0,6.0,6.0,3.0,2.0,1.0,Completed,2.37,1.57,2.5,1.59,2.63,1.61,2.42,1.57
WTA,2020,22,Paris,French Open,2020-09-27,Grand Slam,Outdoor,Clay,1st Round,3,Strycova B.,Lepchenko V.,37.0,183.0,1570.0,359.0,7.0,5.0,6.0,2.0,,,2.0,0.0,Completed,1.53,2.5,1.6,2.47,1.61,2.57,1.56,2.44
WTA,2020,22,Paris,French Open,2020-09-27,Grand Slam,Outdoor,Clay,1st Round,3,Trevisan M.,Giorgi C.,159.0,74.0,429.0,930.0,7.0,5.0,3.0,0.0,,,1.0,0.0,Retired,2.62,1.5,2.88,1.47,2.9,1.51,2.71,1.47
WTA,2020,22,Paris,French Open,2020-09-27,Grand Slam,Outdoor,Clay,1st Round,3,Gauff C.,Konta J.,51.0,13.0,1234.0,3152.0,6.0,3.0,6.0,3.0,,,2.0,0.0,Completed,2.3,1.61,2.34,1.66,2.38,1.76,2.23,1.66
WTA,2020,22,Paris,French Open,2020-09-27,Grand Slam,Outdoor,Clay,1st Round,3,Putintseva Y.,Flipkens K.,27.0,79.0,1955.0,878.0,6.0,1.0,6.0,2.0,,,2.0,0.0,Completed,1.12,6.0,1.15,6.15,1.17,7.0,1.13,6.02
WTA,2020,22,Paris,French Open,2020-09-27,Grand Slam,Outdoor,Clay,1st Round,3,Podoroska N.,Minnen G.,131.0,111.0,545.0,636.0,6.0,2.0,6.0,1.0,,,2.0,0.0,Completed,1.2,4.5,1.22,4.82,1.25,4.85,1.2,4.49
WTA,2020,22,Paris,French Open,2020-09-27,Grand Slam,Outdoor,Clay,1st Round,3,Gavrilova D.,Yastremska D.,785.0,28.0,26.0,1925.0,6.0,4.0,6.0,3.0,,,2.0,0.0,Completed,4.5,1.2,4.76,1.22,4.8,1.28,4.44,1.21
WTA,2020,22,Paris,French Open,2020-09-27,Grand Slam,Outdoor,Clay,1st Round,3,Bouchard E.,Kalinskaya A.,168.0,108.0,411.0,643.0,6.0,4.0,6.0,4.0,,,2.0,0.0,Completed,1.36,3.2,1.35,3.48,1.4,3.55,1.34,3.27
WTA,2020,22,Paris,French Open,2020-09-27,Grand Slam,Outdoor,Clay,1st Round,3,Krejcikova B.,Stojanovic N.,117.0,91.0,618.0,761.0,6.0,3.0,7.0,5.0,,,2.0,0.0,Completed,1.33,3.4,1.36,3.41,1.37,3.45,1.34,3.28
WTA,2020,22,Paris,French Open,2020-09-28,Grand Slam,Outdoor,Clay,1st Round,3,Kvitova P.,Dodin O.,11.0,118.0,3736.0,614.0,6.0,3.0,7.0,5.0,,,2.0,0.0,Completed,1.11,6.5,1.1,8.19,1.13,8.19,1.11,6.67
WTA,2020,22,Paris,French Open,2020-09-28,Grand Slam,Outdoor,Clay,1st Round,3,Pera B.,Bellis C.,61.0,171.0,1075.0,400.0,7.0,6.0,6.0,1.0,,,2.0,0.0,Completed,1.53,2.5,1.5,2.76,1.62,2.76,1.52,2.56
WTA,2020,22,Paris,French Open,2020-09-28,Grand Slam,Outdoor,Clay,1st Round,3,Paolini J.,Bolsova A.,94.0,97.0,755.0,726.0,6.0,4.0,6.0,3.0,,,2.0,0.0,Completed,1.9,1.9,2.0,1.89,2.1,1.93,1.95,1.86
WTA,2020,22,Paris,French Open,2020-09-28,Grand Slam,Outdoor,Clay,1st Round,3,Errani S.,Puig M.,150.0,98.0,446.0,722.0,6.0,2.0,6.0,1.0,,,2.0,0.0,Completed,1.61,2.3,1.61,2.45,1.64,2.45,1.6,2.34
WTA,2020,22,Paris,French Open,2020-09-28,Grand Slam,Outdoor,Clay,1st Round,3,Bertens K.,Zavatska K.,8.0,112.0,4335.0,633.0,2.0,6.0,6.0,2.0,6.0,0.0,2.0,1.0,Completed,1.14,5.5,1.17,5.84,1.19,6.25,1.16,5.36
WTA,2020,22,Paris,French Open,2020-09-28,Grand Slam,Outdoor,Clay,1st Round,3,Siniakova K.,Davis L.,62.0,68.0,1045.0,967.0,7.0,6.0,6.0,2.0,,,2.0,0.0,Completed,1.25,4.0,1.25,4.33,1.26,4.75,1.23,4.13
WTA,2020,22,Paris,French Open,2020-09-28,Grand Slam,Outdoor,Clay,1st Round,3,Pironkova T.,Petkovic A.,157.0,95.0,430.0,750.0,6.0,3.0,6.0,3.0,,,2.0,0.0,Completed,1.57,2.37,1.54,2.62,1.62,2.68,1.53,2.51
WTA,2020,22,Paris,French Open,2020-09-28,Grand Slam,Outdoor,Clay,1st Round,3,Mchale C.,Muchova K.,81.0,26.0,857.0,1982.0,6.0,2.0,6.0,4.0,,,2.0,0.0,Completed,4.5,1.2,4.21,1.26,4.7,1.27,4.17,1.23
WTA,2020,22,Paris,French Open,2020-09-28,Grand Slam,Outdoor,Clay,1st Round,3,Pavlyuchenkova A.,Kuznetsova S.,38.0,33.0,1570.0,1631.0,6.0,1.0,2.0,6.0,6.0,1.0,2.0,1.0,Completed,2.37,1.57,2.45,1.61,2.5,1.65,2.36,1.59
WTA,2020,22,Paris,French Open,2020-09-28,Grand Slam,Outdoor,Clay,1st Round,3,Anisimova A.,Korpatsch T.,29.0,123.0,1905.0,601.0,6.0,2.0,6.0,0.0,,,2.0,0.0,Completed,1.14,5.5,1.22,4.84,1.22,5.7,1.18,4.96
WTA,2020,22,Paris,French Open,2020-09-28,Grand Slam,Outdoor,Clay,1st Round,3,Williams S.,Ahn K.,9.0,102.0,4080.0,698.0,7.0,6.0,6.0,0.0,,,2.0,0.0,Completed,1.07,9.0,1.09,8.99,1.12,10.2,1.08,8.23
WTA,2020,22,Paris,French Open,2020-09-28,Grand Slam,Outdoor,Clay,1st Round,3,Svitolina E.,Gracheva V.,5.0,89.0,4740.0,778.0,7.0,6.0,6.0,4.0,,,2.0,0.0,Completed,1.12,6.0,1.18,5.41,1.19,6.0,1.16,5.17
WTA,2020,22,Paris,French Open,2020-09-28,Grand Slam,Outdoor,Clay,1st Round,3,Hsieh S.W.,Haas B.,63.0,143.0,1035.0,470.0,6.0,3.0,7.0,6.0,,,2.0,0.0,Completed,2.1,1.72,2.2,1.74,2.2,1.8,2.13,1.72
WTA,2020,22,Paris,French Open,2020-09-28,Grand Slam,Outdoor,Clay,1st Round,3,Swiatek I.,Vondrousova M.,53.0,19.0,1200.0,2538.0,6.0,1.0,6.0,2.0,,,2.0,0.0,Completed,2.5,1.53,2.21,1.74,2.5,1.74,2.35,1.6
WTA,2020,22,Paris,French Open,2020-09-28,Grand Slam,Outdoor,Clay,1st Round,3,Zarazua R.,Jacquemot E.,178.0,522.0,378.0,71.0,6.0,1.0,6.0,2.0,,,2.0,0.0,Completed,1.22,4.33,1.19,5.31,1.23,5.4,1.19,4.68
WTA,2020,22,Paris,French Open,2020-09-28,Grand Slam,Outdoor,Clay,1st Round,3,Muguruza G.,Zidansek T.,15.0,82.0,3016.0,840.0,7.0,5.0,4.0,6.0,8.0,6.0,2.0,1.0,Completed,1.1,7.0,1.09,9.27,1.11,10.2,1.08,8.16
WTA,2020,22,Paris,French Open,2020-09-28,Grand Slam,Outdoor,Clay,1st Round,3,Zhang S.,Keys M.,40.0,16.0,1475.0,2962.0,6.0,3.0,7.0,6.0,,,2.0,0.0,Completed,3.2,1.36,3.07,1.42,3.25,1.42,3.06,1.38
WTA,2020,22,Paris,French Open,2020-09-28,Grand Slam,Outdoor,Clay,1st Round,3,Tig P.M.,Voegele S.,58.0,116.0,1105.0,618.0,7.0,5.0,7.0,5.0,,,2.0,0.0,Completed,1.16,5.0,1.25,4.41,1.25,5.5,1.22,4.31
WTA,2020,22,Paris,French Open,2020-09-28,Grand Slam,Outdoor,Clay,1st Round,3,Juvan K.,Kerber A.,103.0,22.0,693.0,2271.0,6.0,3.0,6.0,3.0,,,2.0,0.0,Completed,2.1,1.72,2.17,1.76,2.35,1.85,2.17,1.7
WTA,2020,22,Paris,French Open,2020-09-28,Grand Slam,Outdoor,Clay,1st Round,3,Cornet A.,Paquet C.,52.0,184.0,1230.0,359.0,6.0,3.0,6.0,2.0,,,2.0,0.0,Completed,1.1,7.0,1.15,6.29,1.15,7.95,1.1,6.88
WTA,2020,22,Paris,French Open,2020-09-28,Grand Slam,Outdoor,Clay,1st Round,3,Fernandez L.A.,Linette M.,100.0,36.0,714.0,1573.0,1.0,6.0,6.0,2.0,6.0,3.0,2.0,1.0,Completed,2.1,1.72,2.29,1.68,2.3,1.73,2.19,1.68
WTA,2020,22,Paris,French Open,2020-09-28,Grand Slam,Outdoor,Clay,1st Round,3,Hercog P.,Parry D.,47.0,304.0,1310.0,186.0,6.0,4.0,6.0,2.0,,,2.0,0.0,Completed,1.12,6.0,1.15,6.35,1.15,6.6,1.13,5.91
WTA,2020,22,Paris,French Open,2020-09-28,Grand Slam,Outdoor,Clay,1st Round,3,Pliskova Kr.,Kuzmova V.,69.0,90.0,960.0,775.0,6.0,1.0,6.0,2.0,,,2.0,0.0,Completed,1.44,2.75,1.56,2.56,1.6,2.75,1.52,2.56
WTA,2020,22,Paris,French Open,2020-09-28,Grand Slam,Outdoor,Clay,1st Round,3,Burel C.,Rus A.,415.0,67.0,109.0,971.0,6.0,7.0,7.0,6.0,6.0,3.0,2.0,1.0,Completed,4.33,1.22,4.43,1.25,4.55,1.25,4.2,1.23
WTA,2020,22,Paris,French Open,2020-09-29,Grand Slam,Outdoor,Clay,1st Round,3,Hibino N.,Kostyuk M.,84.0,119.0,838.0,605.0,6.0,4.0,6.0,0.0,,,2.0,0.0,Completed,4.33,1.22,4.2,1.26,4.36,1.3,4.0,1.25
WTA,2020,22,Paris,French Open,2020-09-29,Grand Slam,Outdoor,Clay,1st Round,3,Ostapenko J.,Brengle M.,43.0,77.0,1360.0,906.0,6.0,2.0,6.0,1.0,,,2.0,0.0,Completed,1.28,3.75,1.29,3.94,1.32,4.0,1.28,3.71
WTA,2020,22,Paris,French Open,2020-09-29,Grand Slam,Outdoor,Clay,1st Round,3,Pliskova Ka.,Sherif M.,4.0,172.0,5205.0,400.0,6.0,7.0,6.0,2.0,6.0,4.0,2.0,1.0,Completed,1.14,5.5,1.13,6.92,1.16,7.0,1.13,6.13
WTA,2020,22,Paris,French Open,2020-09-29,Grand Slam,Outdoor,Clay,1st Round,3,Van Uytvanck A.,Peterson R.,65.0,50.0,1035.0,1255.0,2.0,6.0,6.0,3.0,6.0,1.0,2.0,1.0,Completed,1.72,2.1,1.7,2.27,1.75,2.3,1.68,2.19
WTA,2020,22,Paris,French Open,2020-09-29,Grand Slam,Outdoor,Clay,1st Round,3,Bogdan A.,Babos T.,93.0,107.0,755.0,650.0,6.0,4.0,6.0,2.0,,,2.0,0.0,Completed,1.36,3.2,1.38,3.27,1.4,3.35,1.36,3.14
WTA,2020,22,Paris,French Open,2020-09-29,Grand Slam,Outdoor,Clay,1st Round,3,Tauson C.,Brady J.,187.0,25.0,354.0,2165.0,6.0,4.0,3.0,6.0,9.0,7.0,2.0,1.0,Completed,3.0,1.4,2.93,1.45,3.23,1.45,2.96,1.4
WTA,2020,22,Paris,French Open,2020-09-29,Grand Slam,Outdoor,Clay,1st Round,3,Collins D.,Niculescu M.,57.0,141.0,1115.0,480.0,2.0,6.0,6.0,2.0,6.0,1.0,2.0,1.0,Completed,1.9,1.9,1.99,1.89,2.07,1.93,1.95,1.86
WTA,2020,22,Paris,French Open,2020-09-29,Grand Slam,Outdoor,Clay,1st Round,3,Rybakina E.,Cirstea S.,18.0,83.0,2546.0,839.0,6.0,0.0,6.0,3.0,,,2.0,0.0,Completed,1.22,4.33,1.24,4.47,1.29,4.55,1.23,4.2
WTA,2020,22,Paris,French Open,2020-09-29,Grand Slam,Outdoor,Clay,1st Round,3,Kenin S.,Samsonova L.,6.0,125.0,4700.0,576.0,6.0,4.0,3.0,6.0,6.0,3.0,2.0,1.0,Completed,1.3,3.5,1.29,3.9,1.33,3.9,1.29,3.58
WTA,2020,22,Paris,French Open,2020-09-29,Grand Slam,Outdoor,Clay,1st Round,3,Bara I.,Vekic D.,142.0,30.0,479.0,1880.0,6.0,3.0,6.0,4.0,,,2.0,0.0,Completed,3.0,1.4,3.02,1.43,3.02,1.48,2.85,1.43
WTA,2020,22,Paris,French Open,2020-09-29,Grand Slam,Outdoor,Clay,1st Round,3,Siegemund L.,Mladenovic K.,66.0,44.0,971.0,1335.0,7.0,5.0,6.0,3.0,,,2.0,0.0,Completed,1.66,2.2,1.8,2.11,1.8,2.27,1.69,2.16
WTA,2020,22,Paris,French Open,2020-09-29,Grand Slam,Outdoor,Clay,1st Round,3,Jabeur O.,Diyas Z.,35.0,76.0,1573.0,918.0,4.0,6.0,6.0,3.0,6.0,1.0,2.0,1.0,Completed,1.28,3.75,1.27,4.1,1.32,4.5,1.25,3.98
WTA,2020,22,Paris,French Open,2020-09-29,Grand Slam,Outdoor,Clay,1st Round,3,Ferro F.,Watson H.,49.0,56.0,1267.0,1130.0,7.0,6.0,6.0,4.0,,,2.0,0.0,Completed,1.2,4.5,1.21,4.91,1.23,4.95,1.2,4.57
WTA,2020,22,Paris,French Open,2020-09-29,Grand Slam,Outdoor,Clay,1st Round,3,Badosa P.,Kozlova K.,87.0,99.0,798.0,718.0,6.0,2.0,4.0,6.0,6.0,3.0,2.0,1.0,Completed,1.57,2.37,1.56,2.57,1.62,2.6,1.55,2.47
WTA,2020,22,Paris,French Open,2020-09-29,Grand Slam,Outdoor,Clay,1st Round,3,Goerges J.,Riske A.,41.0,23.0,1423.0,2256.0,6.0,3.0,6.0,7.0,6.0,1.0,2.0,1.0,Completed,2.37,1.57,2.37,1.65,2.41,1.67,2.33,1.61
WTA,2020,22,Paris,French Open,2020-09-29,Grand Slam,Outdoor,Clay,1st Round,3,Stephens S.,Diatchenko V.,34.0,115.0,1573.0,619.0,6.0,2.0,6.0,2.0,,,2.0,0.0,Completed,1.14,5.5,1.15,6.23,1.17,6.4,1.14,5.69
WTA,2020,22,Paris,French Open,2020-09-29,Grand Slam,Outdoor,Clay,1st Round,3,Martic P.,Doi M.,17.0,80.0,2850.0,863.0,7.0,6.0,7.0,5.0,,,2.0,0.0,Completed,1.16,5.0,1.16,5.91,1.18,6.0,1.15,5.43
WTA,2020,22,Paris,French Open,2020-09-29,Grand Slam,Outdoor,Clay,1st Round,3,Kasatkina D.,Tan H.,71.0,235.0,935.0,270.0,6.0,2.0,6.0,1.0,,,2.0,0.0,Completed,1.11,6.5,1.17,5.72,1.17,6.5,1.15,5.51
WTA,2020,22,Paris,French Open,2020-09-29,Grand Slam,Outdoor,Clay,1st Round,3,Sabalenka A.,Pegula J.,12.0,60.0,3615.0,1103.0,6.0,3.0,6.0,1.0,,,2.0,0.0,Completed,1.44,2.75,1.45,2.95,1.49,2.95,1.44,2.8
WTA,2020,22,Paris,French Open,2020-09-29,Grand Slam,Outdoor,Clay,1st Round,3,Kudermetova V.,Parmentier P.,42.0,164.0,1388.0,418.0,6.0,2.0,6.0,3.0,,,2.0,0.0,Completed,1.36,3.2,1.38,3.27,1.41,3.3,1.37,3.14
WTA,2020,22,Paris,French Open,2020-09-30,Grand Slam,Outdoor,Clay,2nd Round,3,Svitolina E.,Zarazua R.,5.0,178.0,4740.0,378.0,6.0,3.0,0.0,6.0,6.0,2.0,2.0,1.0,Completed,1.16,5.0,1.15,6.36,1.18,6.45,1.15,5.56
WTA,2020,22,Paris,French Open,2020-09-30,Grand Slam,Outdoor,Clay,2nd Round,3,Podoroska N.,Putintseva Y.,131.0,27.0,545.0,1955.0,6.0,3.0,1.0,6.0,6.0,2.0,2.0,1.0,Completed,2.75,1.44,2.74,1.51,3.0,1.51,2.74,1.46
WTA,2020,22,Paris,French Open,2020-09-30,Grand Slam,Outdoor,Clay,2nd Round,3,Alexandrova E.,Sharma A.,31.0,134.0,1775.0,529.0,6.0,3.0,6.0,3.0,,,2.0,0.0,Completed,1.36,3.2,1.34,3.57,1.38,3.94,1.33,3.36
WTA,2020,22,Paris,French Open,2020-09-30,Grand Slam,Outdoor,Clay,2nd Round,3,Schmiedlova A.,Azarenka V.,161.0,14.0,427.0,3122.0,6.0,2.0,6.0,2.0,,,2.0,0.0,Completed,8.0,1.08,8.16,1.1,9.3,1.11,7.51,1.09
WTA,2020,22,Paris,French Open,2020-09-30,Grand Slam,Outdoor,Clay,2nd Round,3,Bertens K.,Errani S.,8.0,150.0,4335.0,446.0,7.0,6.0,3.0,6.0,9.0,7.0,2.0,1.0,Completed,1.4,3.0,1.39,3.23,1.44,3.3,1.37,3.08
WTA,2020,22,Paris,French Open,2020-09-30,Grand Slam,Outdoor,Clay,2nd Round,3,Krejcikova B.,Strycova B.,117.0,37.0,618.0,1570.0,6.0,4.0,3.0,6.0,6.0,3.0,2.0,1.0,Completed,2.1,1.72,2.04,1.85,2.16,1.87,2.04,1.78
WTA,2020,22,Paris,French Open,2020-09-30,Grand Slam,Outdoor,Clay,2nd Round,3,Pironkova T.,Williams S.,157.0,9.0,430.0,4080.0,,,,,,,,,Walkover,3.0,1.4,3.0,1.44,3.15,1.46,2.97,1.4
WTA,2020,22,Paris,French Open,2020-09-30,Grand Slam,Outdoor,Clay,2nd Round,3,Anisimova A.,Pera B.,29.0,61.0,1905.0,1075.0,6.0,2.0,6.0,0.0,,,2.0,0.0,Completed,1.53,2.5,1.56,2.56,1.57,2.65,1.53,2.51
WTA,2020,22,Paris,French Open,2020-09-30,Grand Slam,Outdoor,Clay,2nd Round,3,Bouchard E.,Gavrilova D.,168.0,785.0,411.0,26.0,5.0,7.0,6.0,4.0,6.0,3.0,2.0,1.0,Completed,1.5,2.62,1.51,2.74,1.53,2.75,1.49,2.64
WTA,2020,22,Paris,French Open,2020-09-30,Grand Slam,Outdoor,Clay,2nd Round,3,Siniakova K.,Pavlyuchenkova A.,62.0,38.0,1045.0,1570.0,6.0,3.0,6.0,4.0,,,2.0,0.0,Completed,2.2,1.66,2.2,1.74,2.3,1.75,2.18,1.69
WTA,2020,22,Paris,French Open,2020-09-30,Grand Slam,Outdoor,Clay,2nd Round,3,Swiatek I.,Hsieh S.W.,53.0,63.0,1200.0,1035.0,6.0,1.0,6.0,4.0,,,2.0,0.0,Completed,1.16,5.0,1.15,6.14,1.18,6.14,1.16,5.31
WTA,2020,22,Paris,French Open,2020-09-30,Grand Slam,Outdoor,Clay,2nd Round,3,Sakkari M.,Rakhimova K.,24.0,189.0,2240.0,349.0,7.0,6.0,6.0,2.0,,,2.0,0.0,Completed,1.1,7.0,1.12,7.32,1.13,8.5,1.1,6.95
WTA,2020,22,Paris,French Open,2020-09-30,Grand Slam,Outdoor,Clay,2nd Round,3,Mertens E.,Kanepi K.,20.0,106.0,2490.0,656.0,6.0,4.0,7.0,5.0,,,2.0,0.0,Completed,1.22,4.33,1.22,4.76,1.24,4.76,1.22,4.28
WTA,2020,22,Paris,French Open,2020-09-30,Grand Slam,Outdoor,Clay,2nd Round,3,Halep S.,Begu I.,2.0,72.0,7255.0,932.0,6.0,3.0,6.0,4.0,,,2.0,0.0,Completed,1.08,8.0,1.07,10.55,1.11,10.55,1.07,8.83
WTA,2020,22,Paris,French Open,2020-09-30,Grand Slam,Outdoor,Clay,2nd Round,3,Garcia C.,Sasnovich A.,45.0,96.0,1325.0,738.0,7.0,6.0,6.0,2.0,,,2.0,0.0,Completed,1.57,2.37,1.54,2.62,1.6,2.65,1.54,2.5
WTA,2020,22,Paris,French Open,2020-09-30,Grand Slam,Outdoor,Clay,2nd Round,3,Trevisan M.,Gauff C.,159.0,51.0,429.0,1234.0,4.0,6.0,6.0,2.0,7.0,5.0,2.0,1.0,Completed,3.5,1.3,3.7,1.32,3.72,1.35,3.44,1.31
WTA,2020,22,Paris,French Open,2020-10-01,Grand Slam,Outdoor,Clay,2nd Round,3,Ostapenko J.,Pliskova Ka.,43.0,4.0,1360.0,5205.0,6.0,4.0,6.0,2.0,,,2.0,0.0,Completed,2.3,1.61,2.3,1.68,2.33,1.83,2.23,1.66
WTA,2020,22,Paris,French Open,2020-10-01,Grand Slam,Outdoor,Clay,2nd Round,3,Kvitova P.,Paolini J.,11.0,94.0,3736.0,755.0,6.0,3.0,6.0,3.0,,,2.0,0.0,Completed,1.14,5.5,1.14,6.72,1.2,7.0,1.14,5.75
WTA,2020,22,Paris,French Open,2020-10-01,Grand Slam,Outdoor,Clay,2nd Round,3,Collins D.,Tauson C.,57.0,187.0,1115.0,354.0,6.0,2.0,6.0,3.0,,,2.0,0.0,Completed,2.3,1.61,2.47,1.6,2.55,1.63,2.41,1.57
WTA,2020,22,Paris,French Open,2020-10-01,Grand Slam,Outdoor,Clay,2nd Round,3,Kenin S.,Bogdan A.,6.0,93.0,4700.0,755.0,3.0,6.0,6.0,3.0,6.0,2.0,2.0,1.0,Completed,1.44,2.75,1.44,3.0,1.48,3.0,1.45,2.77
WTA,2020,22,Paris,French Open,2020-10-01,Grand Slam,Outdoor,Clay,2nd Round,3,Sabalenka A.,Kasatkina D.,12.0,71.0,3615.0,935.0,7.0,6.0,6.0,0.0,,,2.0,0.0,Completed,1.72,2.1,1.71,2.25,1.73,2.44,1.63,2.28
WTA,2020,22,Paris,French Open,2020-10-01,Grand Slam,Outdoor,Clay,2nd Round,3,Fernandez L.A.,Hercog P.,100.0,47.0,714.0,1310.0,6.0,4.0,3.0,6.0,6.0,1.0,2.0,1.0,Completed,2.5,1.53,2.47,1.6,2.53,1.65,2.41,1.57
WTA,2020,22,Paris,French Open,2020-10-01,Grand Slam,Outdoor,Clay,2nd Round,3,Badosa P.,Stephens S.,87.0,34.0,798.0,1573.0,6.0,4.0,4.0,6.0,6.0,2.0,2.0,1.0,Completed,2.3,1.61,2.4,1.63,2.5,1.67,2.38,1.59
WTA,2020,22,Paris,French Open,2020-10-01,Grand Slam,Outdoor,Clay,2nd Round,3,Tig P.M.,Mchale C.,58.0,81.0,1105.0,857.0,6.0,4.0,6.0,3.0,,,2.0,0.0,Completed,1.44,2.75,1.49,2.79,1.5,2.85,1.45,2.75
WTA,2020,22,Paris,French Open,2020-10-01,Grand Slam,Outdoor,Clay,2nd Round,3,Jabeur O.,Hibino N.,35.0,84.0,1573.0,838.0,7.0,6.0,6.0,4.0,,,2.0,0.0,Completed,1.5,2.62,1.51,2.73,1.59,2.77,1.51,2.58
WTA,2020,22,Paris,French Open,2020-10-01,Grand Slam,Outdoor,Clay,2nd Round,3,Burel C.,Juvan K.,415.0,103.0,109.0,693.0,7.0,6.0,6.0,2.0,,,2.0,0.0,Completed,4.0,1.25,4.21,1.26,4.25,1.27,3.98,1.25
WTA,2020,22,Paris,French Open,2020-10-01,Grand Slam,Outdoor,Clay,2nd Round,3,Siegemund L.,Goerges J.,66.0,41.0,971.0,1423.0,1.0,6.0,6.0,1.0,6.0,3.0,2.0,1.0,Completed,1.57,2.37,1.58,2.52,1.64,2.55,1.58,2.4
WTA,2020,22,Paris,French Open,2020-10-01,Grand Slam,Outdoor,Clay,2nd Round,3,Zhang S.,Cornet A.,40.0,52.0,1475.0,1230.0,6.0,4.0,7.0,6.0,,,2.0,0.0,Completed,2.62,1.5,2.64,1.54,2.72,1.59,2.56,1.52
WTA,2020,22,Paris,French Open,2020-10-01,Grand Slam,Outdoor,Clay,2nd Round,3,Bara I.,Van Uytvanck A.,142.0,65.0,479.0,1035.0,6.0,1.0,4.0,0.0,,,1.0,0.0,Retired,1.8,2.0,1.76,2.16,1.9,2.2,1.79,2.04
WTA,2020,22,Paris,French Open,2020-10-01,Grand Slam,Outdoor,Clay,2nd Round,3,Martic P.,Kudermetova V.,17.0,42.0,2850.0,1388.0,6.0,7.0,7.0,5.0,6.0,3.0,2.0,1.0,Completed,1.36,3.2,1.37,3.36,1.41,3.36,1.37,3.14
WTA,2020,22,Paris,French Open,2020-10-01,Grand Slam,Outdoor,Clay,2nd Round,3,Muguruza G.,Pliskova Kr.,15.0,69.0,3016.0,960.0,6.0,3.0,6.0,2.0,,,2.0,0.0,Completed,1.25,4.0,1.24,4.55,1.27,4.6,1.23,4.2
WTA,2020,22,Paris,French Open,2020-10-01,Grand Slam,Outdoor,Clay,2nd Round,3,Ferro F.,Rybakina E.,49.0,18.0,1267.0,2546.0,6.0,3.0,4.0,6.0,6.0,2.0,2.0,1.0,Completed,3.0,1.4,3.02,1.43,3.02,1.5,2.85,1.43
WTA,2020,22,Paris,French Open,2020-10-02,Grand Slam,Outdoor,Clay,3rd Round,3,Svitolina E.,Alexandrova E.,5.0,31.0,4740.0,1775.0,6.0,4.0,7.0,5.0,,,2.0,0.0,Completed,1.3,3.5,1.38,3.3,1.4,3.54,1.35,3.22
WTA,2020,22,Paris,French Open,2020-10-02,Grand Slam,Outdoor,Clay,3rd Round,3,Swiatek I.,Bouchard E.,53.0,168.0,1200.0,411.0,6.0,3.0,6.0,2.0,,,2.0,0.0,Completed,1.53,2.5,1.47,2.88,1.56,2.88,1.5,2.62
WTA,2020,22,Paris,French Open,2020-10-02,Grand Slam,Outdoor,Clay,3rd Round,3,Podoroska N.,Schmiedlova A.,131.0,161.0,545.0,427.0,6.0,3.0,6.0,2.0,,,2.0,0.0,Completed,1.9,1.9,1.89,1.99,1.95,2.0,1.88,1.92
WTA,2020,22,Paris,French Open,2020-10-02,Grand Slam,Outdoor,Clay,3rd Round,3,Halep S.,Anisimova A.,2.0,29.0,7255.0,1905.0,6.0,0.0,6.0,1.0,,,2.0,0.0,Completed,1.2,4.5,1.22,4.74,1.26,4.74,1.22,4.34
WTA,2020,22,Paris,French Open,2020-10-02,Grand Slam,Outdoor,Clay,3rd Round,3,Garcia C.,Mertens E.,45.0,20.0,1325.0,2490.0,1.0,6.0,6.0,4.0,7.0,5.0,2.0,1.0,Completed,3.5,1.3,3.37,1.36,3.55,1.38,3.37,1.32
WTA,2020,22,Paris,French Open,2020-10-02,Grand Slam,Outdoor,Clay,3rd Round,3,Krejcikova B.,Pironkova T.,117.0,157.0,618.0,430.0,5.0,7.0,6.0,4.0,6.0,3.0,2.0,1.0,Completed,2.2,1.66,2.06,1.84,2.2,1.89,2.06,1.78
WTA,2020,22,Paris,French Open,2020-10-02,Grand Slam,Outdoor,Clay,3rd Round,3,Trevisan M.,Sakkari M.,159.0,24.0,429.0,2240.0,1.0,6.0,7.0,6.0,6.0,3.0,2.0,1.0,Completed,3.4,1.33,3.79,1.31,3.79,1.36,3.48,1.31
WTA,2020,22,Paris,French Open,2020-10-02,Grand Slam,Outdoor,Clay,3rd Round,3,Bertens K.,Siniakova K.,8.0,62.0,4335.0,1045.0,6.0,2.0,6.0,2.0,,,2.0,0.0,Completed,2.62,1.5,2.76,1.5,2.9,1.51,2.71,1.47
WTA,2020,22,Paris,French Open,2020-10-03,Grand Slam,Outdoor,Clay,3rd Round,3,Zhang S.,Burel C.,40.0,415.0,1475.0,109.0,7.0,6.0,7.0,5.0,,,2.0,0.0,Completed,1.5,2.62,1.52,2.69,1.61,2.69,1.54,2.49
WTA,2020,22,Paris,French Open,2020-10-03,Grand Slam,Outdoor,Clay,3rd Round,3,Jabeur O.,Sabalenka A.,35.0,12.0,1573.0,3615.0,7.0,6.0,2.0,6.0,6.0,3.0,2.0,1.0,Completed,2.62,1.5,2.47,1.6,2.66,1.63,2.49,1.54
WTA,2020,22,Paris,French Open,2020-10-03,Grand Slam,Outdoor,Clay,3rd Round,3,Kenin S.,Bara I.,6.0,142.0,4700.0,479.0,6.0,2.0,6.0,0.0,,,2.0,0.0,Completed,1.4,3.0,1.5,2.78,1.5,3.02,1.45,2.79
WTA,2020,22,Paris,French Open,2020-10-03,Grand Slam,Outdoor,Clay,3rd Round,3,Ferro F.,Tig P.M.,49.0,58.0,1267.0,1105.0,7.0,6.0,4.0,6.0,6.0,0.0,2.0,1.0,Completed,1.4,3.0,1.42,3.08,1.48,3.1,1.43,2.85
WTA,2020,22,Paris,French Open,2020-10-03,Grand Slam,Outdoor,Clay,3rd Round,3,Siegemund L.,Martic P.,66.0,17.0,971.0,2850.0,6.0,7.0,6.0,3.0,6.0,0.0,2.0,1.0,Completed,3.0,1.4,3.08,1.42,3.1,1.46,2.91,1.42
WTA,2020,22,Paris,French Open,2020-10-03,Grand Slam,Outdoor,Clay,3rd Round,3,Kvitova P.,Fernandez L.A.,11.0,100.0,3736.0,714.0,7.0,5.0,6.0,3.0,,,2.0,0.0,Completed,1.16,5.0,1.26,4.21,1.32,5.0,1.26,3.91
WTA,2020,22,Paris,French Open,2020-10-03,Grand Slam,Outdoor,Clay,3rd Round,3,Badosa P.,Ostapenko J.,87.0,43.0,798.0,1360.0,6.0,4.0,6.0,3.0,,,2.0,0.0,Completed,3.0,1.4,3.16,1.4,3.27,1.44,3.01,1.39
WTA,2020,22,Paris,French Open,2020-10-03,Grand Slam,Outdoor,Clay,3rd Round,3,Collins D.,Muguruza G.,57.0,15.0,1115.0,3016.0,7.0,5.0,2.0,6.0,6.0,4.0,2.0,1.0,Completed,4.5,1.2,4.12,1.27,5.5,1.28,4.13,1.24
WTA,2020,22,Paris,French Open,2020-10-04,Grand Slam,Outdoor,Clay,4th Round,3,Swiatek I.,Halep S.,53.0,2.0,1200.0,7255.0,6.0,1.0,6.0,2.0,,,2.0,0.0,Completed,5.5,1.14,6.28,1.16,6.3,1.19,5.56,1.15
WTA,2020,22,Paris,French Open,2020-10-04,Grand Slam,Outdoor,Clay,4th Round,3,Trevisan M.,Bertens K.,159.0,8.0,429.0,4335.0,6.0,4.0,6.0,4.0,,,2.0,0.0,Completed,3.75,1.28,3.51,1.35,3.75,1.36,3.44,1.32
WTA,2020,22,Paris,French Open,2020-10-04,Grand Slam,Outdoor,Clay,4th Round,3,Podoroska N.,Krejcikova B.,131.0,117.0,545.0,618.0,2.0,6.0,6.0,2.0,6.0,3.0,2.0,1.0,Completed,1.44,2.75,1.52,2.74,1.56,2.85,1.49,2.64
WTA,2020,22,Paris,French Open,2020-10-04,Grand Slam,Outdoor,Clay,4th Round,3,Svitolina E.,Garcia C.,5.0,45.0,4740.0,1325.0,6.0,1.0,6.0,3.0,,,2.0,0.0,Completed,1.57,2.37,1.56,2.61,1.6,2.61,1.55,2.48
WTA,2020,22,Paris,French Open,2020-10-05,Grand Slam,Outdoor,Clay,4th Round,3,Kvitova P.,Zhang S.,11.0,40.0,3736.0,1475.0,6.0,2.0,6.0,4.0,,,2.0,0.0,Completed,1.28,3.75,1.24,4.57,1.33,4.57,1.26,3.96
WTA,2020,22,Paris,French Open,2020-10-05,Grand Slam,Outdoor,Clay,4th Round,3,Siegemund L.,Badosa P.,66.0,87.0,971.0,798.0,7.0,5.0,6.0,2.0,,,2.0,0.0,Completed,1.9,1.9,1.95,1.95,2.15,2.09,1.92,1.89
WTA,2020,22,Paris,French Open,2020-10-05,Grand Slam,Outdoor,Clay,4th Round,3,Kenin S.,Ferro F.,6.0,49.0,4700.0,1267.0,2.0,6.0,6.0,2.0,6.0,1.0,2.0,1.0,Completed,1.66,2.2,1.92,1.99,1.95,2.5,1.82,2.02
WTA,2020,22,Paris,French Open,2020-10-06,Grand Slam,Outdoor,Clay,4th Round,3,Collins D.,Jabeur O.,57.0,35.0,1115.0,1573.0,6.0,4.0,4.0,6.0,6.0,4.0,2.0,1.0,Completed,2.2,1.66,2.2,1.75,2.4,1.75,2.24,1.66
WTA,2020,22,Paris,French Open,2020-10-06,Grand Slam,Outdoor,Clay,Quarterfinals,3,Podoroska N.,Svitolina E.,131.0,5.0,545.0,4740.0,6.0,2.0,6.0,4.0,,,2.0,0.0,Completed,3.75,1.28,3.92,1.3,3.95,1.33,3.7,1.28
WTA,2020,22,Paris,French Open,2020-10-06,Grand Slam,Outdoor,Clay,Quarterfinals,3,Swiatek I.,Trevisan M.,53.0,159.0,1200.0,429.0,6.0,3.0,6.0,1.0,,,2.0,0.0,Completed,1.16,5.0,1.16,6.25,1.24,6.25,1.16,5.3
WTA,2020,22,Paris,French Open,2020-10-07,Grand Slam,Outdoor,Clay,Quarterfinals,3,Kvitova P.,Siegemund L.,11.0,66.0,3736.0,971.0,6.0,3.0,6.0,3.0,,,2.0,0.0,Completed,1.28,3.75,1.25,4.51,1.32,4.51,1.28,3.77
WTA,2020,22,Paris,French Open,2020-10-07,Grand Slam,Outdoor,Clay,Quarterfinals,3,Kenin S.,Collins D.,6.0,57.0,4700.0,1115.0,6.0,4.0,4.0,6.0,6.0,0.0,2.0,1.0,Completed,1.57,2.37,1.61,2.48,1.63,2.5,1.58,2.41
WTA,2020,22,Paris,French Open,2020-10-08,Grand Slam,Outdoor,Clay,Semifinals,3,Swiatek I.,Podoroska N.,53.0,131.0,1200.0,545.0,6.0,2.0,6.0,1.0,,,2.0,0.0,Completed,1.25,4.0,1.27,4.3,1.33,4.3,1.26,3.93
WTA,2020,22,Paris,French Open,2020-10-08,Grand Slam,Outdoor,Clay,Semifinals,3,Kenin S.,Kvitova P.,6.0,11.0,4700.0,3736.0,6.0,4.0,7.0,5.0,,,2.0,0.0,Completed,2.75,1.44,2.86,1.49,2.93,1.53,2.7,1.48
WTA,2020,22,Paris,French Open,2020-10-10,Grand Slam,Outdoor,Clay,The Final,3,Swiatek I.,Kenin S.,53.0,6.0,1200.0,4700.0,6.0,4.0,6.0,1.0,,,2.0,0.0,Completed,1.5,2.62,1.5,2.83,1.63,2.83,1.54,2.52
